<?xml version="1.0" encoding="utf-8"?>
<sparrow>
    <source compiler="gcc" workPath="/home/kskyj/sparrow4/util/testcode/c" sourcePath="/home/kskyj/sparrow4/util/testcode/c/API47.c">
        <orgPrepFilename>27.API47.c.i</orgPrepFilename>
        <newPrepFilename>010ab1c36d9b776b778e38ca3933cb64714217dc.API47.c.i</newPrepFilename>
        <orgMetaSourceFilename>27.API47.c</orgMetaSourceFilename>
        <newMetaSourceFilename>3922b8d59fde6e0e08f927ff088c28836a0cd584.API47.c</newMetaSourceFilename>
        <compileOption text="-c API47.c" />
        <sourceFileList>
            <source systemHeader="false" userHeader="false">
                <sourcePath>/home/kskyj/sparrow4/util/testcode/c/API47.c</sourcePath>
                <metaSourceFilename>3922b8d59fde6e0e08f927ff088c28836a0cd584.API47.c</metaSourceFilename>
            </source>
        </sourceFileList>
    </source>
</sparrow>

