<?xml version="1.0" encoding="utf-8"?>
<sparrow>
    <source compiler="gcc" workPath="/home/kskyj/sparrow4/util/testcode/c" sourcePath="/home/kskyj/sparrow4/util/testcode/c/MULTIPLE_BINDS_TO_SAME_PORT.c">
        <orgPrepFilename>134.MULTIPLE_BINDS_TO_SAME_PORT.c.i</orgPrepFilename>
        <newPrepFilename>024bb2db00efb377cbc28b5490a140cd84bcb83d.MULTIPLE_BINDS_TO_SAME_PORT.c.i</newPrepFilename>
        <orgMetaSourceFilename>134.MULTIPLE_BINDS_TO_SAME_PORT.c</orgMetaSourceFilename>
        <newMetaSourceFilename>f33d3b247d7ce02d78ea10e721aad31c6ca57aae.MULTIPLE_BINDS_TO_SAME_PORT.c</newMetaSourceFilename>
        <compileOption text="-c MULTIPLE_BINDS_TO_SAME_PORT.c" />
        <sourceFileList>
            <source systemHeader="false" userHeader="false">
                <sourcePath>/home/kskyj/sparrow4/util/testcode/c/MULTIPLE_BINDS_TO_SAME_PORT.c</sourcePath>
                <metaSourceFilename>f33d3b247d7ce02d78ea10e721aad31c6ca57aae.MULTIPLE_BINDS_TO_SAME_PORT.c</metaSourceFilename>
            </source>
        </sourceFileList>
    </source>
</sparrow>

