<?xml version="1.0" encoding="utf-8"?>
<sparrow>
    <source compiler="gcc" workPath="/home/kskyj/sparrow4/util/testcode/c" sourcePath="/home/kskyj/sparrow4/util/testcode/c/BAD_MACRO.MISUSE.c">
        <orgPrepFilename>69.BAD_MACRO.MISUSE.c.i</orgPrepFilename>
        <newPrepFilename>047458cf0633ff9f4ad445b17131ac47e9b1da67.BAD_MACRO.MISUSE.c.i</newPrepFilename>
        <orgMetaSourceFilename>69.BAD_MACRO.MISUSE.c</orgMetaSourceFilename>
        <newMetaSourceFilename>f56f40cf4baee8b57f901de33b360559936a39c6.BAD_MACRO.MISUSE.c</newMetaSourceFilename>
        <compileOption text="-c BAD_MACRO.MISUSE.c" />
        <sourceFileList>
            <source systemHeader="false" userHeader="false">
                <sourcePath>/home/kskyj/sparrow4/util/testcode/c/BAD_MACRO.MISUSE.c</sourcePath>
                <metaSourceFilename>f56f40cf4baee8b57f901de33b360559936a39c6.BAD_MACRO.MISUSE.c</metaSourceFilename>
            </source>
        </sourceFileList>
    </source>
</sparrow>

