<?xml version="1.0" encoding="utf-8"?>
<sparrow>
    <source compiler="gcc" workPath="/home/kskyj/sparrow4/util/testcode/c" sourcePath="/home/kskyj/sparrow4/util/testcode/c/FBD15.c">
        <orgPrepFilename>98.FBD15.c.i</orgPrepFilename>
        <newPrepFilename>05741670ae3a296c38cd1693b0a34437bc3b5a8b.FBD15.c.i</newPrepFilename>
        <orgMetaSourceFilename>98.FBD15.c</orgMetaSourceFilename>
        <newMetaSourceFilename>8332bc705d6a438f56012b9918138e5ba8251cd9.FBD15.c</newMetaSourceFilename>
        <compileOption text="-c FBD15.c" />
        <sourceFileList>
            <source systemHeader="false" userHeader="false">
                <sourcePath>/home/kskyj/sparrow4/util/testcode/c/FBD15.c</sourcePath>
                <metaSourceFilename>8332bc705d6a438f56012b9918138e5ba8251cd9.FBD15.c</metaSourceFilename>
            </source>
        </sourceFileList>
    </source>
</sparrow>

