<?xml version="1.0" encoding="utf-8"?>
<sparrow>
    <source compiler="gcc" workPath="/home/kskyj/sparrow4/util/testcode/c" sourcePath="/home/kskyj/sparrow4/util/testcode/c/BAD_CALL.IMPROPER_VARARGS.c">
        <orgPrepFilename>44.BAD_CALL.IMPROPER_VARARGS.c.i</orgPrepFilename>
        <newPrepFilename>08f2315cdd09956e0c890bba05602b59b24ad835.BAD_CALL.IMPROPER_VARARGS.c.i</newPrepFilename>
        <orgMetaSourceFilename>44.BAD_CALL.IMPROPER_VARARGS.c</orgMetaSourceFilename>
        <newMetaSourceFilename>a49007d899d1c301eea69de60951cafbf0f823c9.BAD_CALL.IMPROPER_VARARGS.c</newMetaSourceFilename>
        <compileOption text="-c BAD_CALL.IMPROPER_VARARGS.c" />
        <sourceFileList>
            <source systemHeader="false" userHeader="false">
                <sourcePath>/home/kskyj/sparrow4/util/testcode/c/BAD_CALL.IMPROPER_VARARGS.c</sourcePath>
                <metaSourceFilename>a49007d899d1c301eea69de60951cafbf0f823c9.BAD_CALL.IMPROPER_VARARGS.c</metaSourceFilename>
            </source>
        </sourceFileList>
    </source>
</sparrow>

