<?xml version="1.0" encoding="utf-8"?>
<sparrow>
    <source compiler="gcc" workPath="/home/kskyj/sparrow4/util/testcode/c" sourcePath="/home/kskyj/sparrow4/util/testcode/c/BAD_QUALIFIER.FORBIDDEN.PARAM_PTR.c">
        <orgPrepFilename>77.BAD_QUALIFIER.FORBIDDEN.PARAM_PTR.c.i</orgPrepFilename>
        <newPrepFilename>0aa2f60632355b5e36d7bc98e2cfdf30b8716113.BAD_QUALIFIER.FORBIDDEN.PARAM_PTR.c.i</newPrepFilename>
        <orgMetaSourceFilename>77.BAD_QUALIFIER.FORBIDDEN.PARAM_PTR.c</orgMetaSourceFilename>
        <newMetaSourceFilename>87ffc3b2f9eea849789edf9e3c5a569363005d43.BAD_QUALIFIER.FORBIDDEN.PARAM_PTR.c</newMetaSourceFilename>
        <compileOption text="-c BAD_QUALIFIER.FORBIDDEN.PARAM_PTR.c" />
        <sourceFileList>
            <source systemHeader="false" userHeader="false">
                <sourcePath>/home/kskyj/sparrow4/util/testcode/c/BAD_QUALIFIER.FORBIDDEN.PARAM_PTR.c</sourcePath>
                <metaSourceFilename>87ffc3b2f9eea849789edf9e3c5a569363005d43.BAD_QUALIFIER.FORBIDDEN.PARAM_PTR.c</metaSourceFilename>
            </source>
        </sourceFileList>
    </source>
</sparrow>

