<?xml version="1.0" encoding="utf-8"?>
<sparrow>
    <source compiler="gcc" workPath="/home/kskyj/sparrow4/util/testcode/c" sourcePath="/home/kskyj/sparrow4/util/testcode/c/BAD_CALL.FORBIDDEN.LIB.PROCESS.c">
        <orgPrepFilename>32.BAD_CALL.FORBIDDEN.LIB.PROCESS.c.i</orgPrepFilename>
        <newPrepFilename>0b861a382047ba80fc0293c64d7c6ae2a196dca5.BAD_CALL.FORBIDDEN.LIB.PROCESS.c.i</newPrepFilename>
        <orgMetaSourceFilename>32.BAD_CALL.FORBIDDEN.LIB.PROCESS.c</orgMetaSourceFilename>
        <newMetaSourceFilename>3687a8c3dd4ce928e6263b1cb0c8146055bbf15a.BAD_CALL.FORBIDDEN.LIB.PROCESS.c</newMetaSourceFilename>
        <compileOption text="-c BAD_CALL.FORBIDDEN.LIB.PROCESS.c" />
        <sourceFileList>
            <source systemHeader="false" userHeader="false">
                <sourcePath>/home/kskyj/sparrow4/util/testcode/c/BAD_CALL.FORBIDDEN.LIB.PROCESS.c</sourcePath>
                <metaSourceFilename>3687a8c3dd4ce928e6263b1cb0c8146055bbf15a.BAD_CALL.FORBIDDEN.LIB.PROCESS.c</metaSourceFilename>
            </source>
        </sourceFileList>
    </source>
</sparrow>

