<?xml version="1.0" encoding="utf-8"?>
<sparrow>
    <source compiler="gcc" workPath="/home/kskyj/sparrow4/util/testcode/c" sourcePath="/home/kskyj/sparrow4/util/testcode/c/API27.c">
        <orgPrepFilename>7.API27.c.i</orgPrepFilename>
        <newPrepFilename>0be673cba2720df1dba0b75ce9d3a4c7d1b29a56.API27.c.i</newPrepFilename>
        <orgMetaSourceFilename>7.API27.c</orgMetaSourceFilename>
        <newMetaSourceFilename>248f0363c0d06b4abd53ebc504fd5ac3adeeca0c.API27.c</newMetaSourceFilename>
        <compileOption text="-c API27.c" />
        <sourceFileList>
            <source systemHeader="false" userHeader="false">
                <sourcePath>/home/kskyj/sparrow4/util/testcode/c/API27.c</sourcePath>
                <metaSourceFilename>248f0363c0d06b4abd53ebc504fd5ac3adeeca0c.API27.c</metaSourceFilename>
                <smap headerFilename="API27.h" metaHeaderFilename="0dc7da14472ee77a657e4c2ebb6575bc686066d1.API27.h" line="1" />
            </source>
            <source systemHeader="false" userHeader="true">
                <sourcePath>/home/kskyj/sparrow4/util/testcode/c/API27.h</sourcePath>
                <metaSourceFilename>0dc7da14472ee77a657e4c2ebb6575bc686066d1.API27.h</metaSourceFilename>
            </source>
        </sourceFileList>
    </source>
</sparrow>

