<?xml version="1.0" encoding="utf-8"?>
<sparrow>
    <source compiler="gcc" workPath="/home/kskyj/sparrow4/util/testcode/c" sourcePath="/home/kskyj/sparrow4/util/testcode/c/BAD_CALL.FORBIDDEN.LIB.SIGNAL.c">
        <orgPrepFilename>34.BAD_CALL.FORBIDDEN.LIB.SIGNAL.c.i</orgPrepFilename>
        <newPrepFilename>0d6d0fcdfefa27c31327836415be552e417d71bd.BAD_CALL.FORBIDDEN.LIB.SIGNAL.c.i</newPrepFilename>
        <orgMetaSourceFilename>34.BAD_CALL.FORBIDDEN.LIB.SIGNAL.c</orgMetaSourceFilename>
        <newMetaSourceFilename>dc38f1a453dab92c4fa36a3f927ebd008dff4c54.BAD_CALL.FORBIDDEN.LIB.SIGNAL.c</newMetaSourceFilename>
        <compileOption text="-c BAD_CALL.FORBIDDEN.LIB.SIGNAL.c" />
        <sourceFileList>
            <source systemHeader="false" userHeader="false">
                <sourcePath>/home/kskyj/sparrow4/util/testcode/c/BAD_CALL.FORBIDDEN.LIB.SIGNAL.c</sourcePath>
                <metaSourceFilename>dc38f1a453dab92c4fa36a3f927ebd008dff4c54.BAD_CALL.FORBIDDEN.LIB.SIGNAL.c</metaSourceFilename>
            </source>
        </sourceFileList>
    </source>
</sparrow>

