<?xml version="1.0" encoding="utf-8"?>
<sparrow>
    <source compiler="gcc" workPath="/home/kskyj/sparrow4/util/testcode/c" sourcePath="/home/kskyj/sparrow4/util/testcode/c/BAD_CALL.TYPE_MISMATCH.STRING.c">
        <orgPrepFilename>59.BAD_CALL.TYPE_MISMATCH.STRING.c.i</orgPrepFilename>
        <newPrepFilename>0e3f3c3eb3d6618392ce91cb7dd6bf2beaef471e.BAD_CALL.TYPE_MISMATCH.STRING.c.i</newPrepFilename>
        <orgMetaSourceFilename>59.BAD_CALL.TYPE_MISMATCH.STRING.c</orgMetaSourceFilename>
        <newMetaSourceFilename>88736dea15fa6f8974578759dd3534153dffee81.BAD_CALL.TYPE_MISMATCH.STRING.c</newMetaSourceFilename>
        <compileOption text="-c BAD_CALL.TYPE_MISMATCH.STRING.c" />
        <sourceFileList>
            <source systemHeader="false" userHeader="false">
                <sourcePath>/home/kskyj/sparrow4/util/testcode/c/BAD_CALL.TYPE_MISMATCH.STRING.c</sourcePath>
                <metaSourceFilename>88736dea15fa6f8974578759dd3534153dffee81.BAD_CALL.TYPE_MISMATCH.STRING.c</metaSourceFilename>
            </source>
        </sourceFileList>
    </source>
</sparrow>

