<?xml version="1.0" encoding="utf-8"?>
<sparrow>
    <source compiler="gcc" workPath="/home/kskyj/sparrow4/util/testcode/c" sourcePath="/home/kskyj/sparrow4/util/testcode/c/BAD_INCLUDE.FORBIDDEN.c">
        <orgPrepFilename>64.BAD_INCLUDE.FORBIDDEN.c.i</orgPrepFilename>
        <newPrepFilename>0ea7900cfc193ce776ee44b1203cdfc60cd7a805.BAD_INCLUDE.FORBIDDEN.c.i</newPrepFilename>
        <orgMetaSourceFilename>64.BAD_INCLUDE.FORBIDDEN.c</orgMetaSourceFilename>
        <newMetaSourceFilename>c6db54236b5a9f03d23be2f00baf191777b545f9.BAD_INCLUDE.FORBIDDEN.c</newMetaSourceFilename>
        <compileOption text="-c BAD_INCLUDE.FORBIDDEN.c" />
        <sourceFileList>
            <source systemHeader="false" userHeader="false">
                <sourcePath>/home/kskyj/sparrow4/util/testcode/c/BAD_INCLUDE.FORBIDDEN.c</sourcePath>
                <metaSourceFilename>c6db54236b5a9f03d23be2f00baf191777b545f9.BAD_INCLUDE.FORBIDDEN.c</metaSourceFilename>
                <smap headerFilename="MIS14_A.h" metaHeaderFilename="da39a3ee5e6b4b0d3255bfef95601890afd80709.MIS14_A.h" line="3" />
                <smap headerFilename="MIS14_B.h" metaHeaderFilename="da39a3ee5e6b4b0d3255bfef95601890afd80709.MIS14_B.h" line="4" />
            </source>
            <source systemHeader="false" userHeader="true">
                <sourcePath>/home/kskyj/sparrow4/util/testcode/c/MIS14_A.h</sourcePath>
                <metaSourceFilename>da39a3ee5e6b4b0d3255bfef95601890afd80709.MIS14_A.h</metaSourceFilename>
            </source>
            <source systemHeader="false" userHeader="true">
                <sourcePath>/home/kskyj/sparrow4/util/testcode/c/MIS14_B.h</sourcePath>
                <metaSourceFilename>da39a3ee5e6b4b0d3255bfef95601890afd80709.MIS14_B.h</metaSourceFilename>
            </source>
        </sourceFileList>
    </source>
</sparrow>

