<?xml version="1.0" encoding="utf-8"?>
<sparrow>
    <source compiler="gcc" workPath="/home/kskyj/sparrow4/util/testcode/c" sourcePath="/home/kskyj/sparrow4/util/testcode/c/API36.c">
        <orgPrepFilename>16.API36.c.i</orgPrepFilename>
        <newPrepFilename>113fc64b9104bfbda71f464eb4a1041ab1403b6b.API36.c.i</newPrepFilename>
        <orgMetaSourceFilename>16.API36.c</orgMetaSourceFilename>
        <newMetaSourceFilename>4ef4caedc481dd0598e0dc8f37bb5ca907ef5ef2.API36.c</newMetaSourceFilename>
        <compileOption text="-c API36.c" />
        <sourceFileList>
            <source systemHeader="false" userHeader="false">
                <sourcePath>/home/kskyj/sparrow4/util/testcode/c/API36.c</sourcePath>
                <metaSourceFilename>4ef4caedc481dd0598e0dc8f37bb5ca907ef5ef2.API36.c</metaSourceFilename>
            </source>
        </sourceFileList>
    </source>
</sparrow>

