<?xml version="1.0" encoding="utf-8"?>
<sparrow>
    <source compiler="gcc" workPath="/home/kskyj/sparrow4/util/testcode/c" sourcePath="/home/kskyj/sparrow4/util/testcode/c/MIS03.c">
        <orgPrepFilename>110.MIS03.c.i</orgPrepFilename>
        <newPrepFilename>1160af5dfaa3b5fb2f9d372bf89655754e7a38e2.MIS03.c.i</newPrepFilename>
        <orgMetaSourceFilename>110.MIS03.c</orgMetaSourceFilename>
        <newMetaSourceFilename>59af756e675e68bc370cb9ad549401d85030ab03.MIS03.c</newMetaSourceFilename>
        <compileOption text="-c MIS03.c" />
        <sourceFileList>
            <source systemHeader="false" userHeader="false">
                <sourcePath>/home/kskyj/sparrow4/util/testcode/c/MIS03.c</sourcePath>
                <metaSourceFilename>59af756e675e68bc370cb9ad549401d85030ab03.MIS03.c</metaSourceFilename>
            </source>
        </sourceFileList>
    </source>
</sparrow>

