<?xml version="1.0" encoding="utf-8"?>
<sparrow>
    <source compiler="gcc" workPath="/home/kskyj/sparrow4/util/testcode/c" sourcePath="/home/kskyj/sparrow4/util/testcode/c/MIS15.c">
        <orgPrepFilename>120.MIS15.c.i</orgPrepFilename>
        <newPrepFilename>1353f524cb7f8b3b3235d3d52302275090c32ad4.MIS15.c.i</newPrepFilename>
        <orgMetaSourceFilename>120.MIS15.c</orgMetaSourceFilename>
        <newMetaSourceFilename>74035719d9da13de82b8d5e06c6cbed00b887208.MIS15.c</newMetaSourceFilename>
        <compileOption text="-c MIS15.c" />
        <sourceFileList>
            <source systemHeader="false" userHeader="false">
                <sourcePath>/home/kskyj/sparrow4/util/testcode/c/MIS15.c</sourcePath>
                <metaSourceFilename>74035719d9da13de82b8d5e06c6cbed00b887208.MIS15.c</metaSourceFilename>
                <smap headerFilename="MIS15_A.h" metaHeaderFilename="59706793cb248d9b549b5e54e273e443284cf66c.MIS15_A.h" line="1" />
                <smap headerFilename="./MIS15_B.h" metaHeaderFilename="a2c33e1bda6a94cc45200e5404bedb4f890ce8f5.MIS15_B.h" line="2" />
            </source>
            <source systemHeader="false" userHeader="true">
                <sourcePath>/home/kskyj/sparrow4/util/testcode/c/MIS15_A.h</sourcePath>
                <metaSourceFilename>59706793cb248d9b549b5e54e273e443284cf66c.MIS15_A.h</metaSourceFilename>
            </source>
            <source systemHeader="false" userHeader="true">
                <sourcePath>/home/kskyj/sparrow4/util/testcode/c/MIS15_B.h</sourcePath>
                <metaSourceFilename>a2c33e1bda6a94cc45200e5404bedb4f890ce8f5.MIS15_B.h</metaSourceFilename>
            </source>
        </sourceFileList>
    </source>
</sparrow>

