<?xml version="1.0" encoding="utf-8"?>
<sparrow>
    <source compiler="gcc" workPath="/home/kskyj/sparrow4/util/testcode/c" sourcePath="/home/kskyj/sparrow4/util/testcode/c/FORBIDDEN_CALL.BEFORE_CALL.c">
        <orgPrepFilename>100.FORBIDDEN_CALL.BEFORE_CALL.c.i</orgPrepFilename>
        <newPrepFilename>19498fa23904bd8458b341835c11f3f5fe05d9a0.FORBIDDEN_CALL.BEFORE_CALL.c.i</newPrepFilename>
        <orgMetaSourceFilename>100.FORBIDDEN_CALL.BEFORE_CALL.c</orgMetaSourceFilename>
        <newMetaSourceFilename>8b551d1e78592aa552a4ed5b4cfbcb24cb94411c.FORBIDDEN_CALL.BEFORE_CALL.c</newMetaSourceFilename>
        <compileOption text="-c FORBIDDEN_CALL.BEFORE_CALL.c" />
        <sourceFileList>
            <source systemHeader="false" userHeader="false">
                <sourcePath>/home/kskyj/sparrow4/util/testcode/c/FORBIDDEN_CALL.BEFORE_CALL.c</sourcePath>
                <metaSourceFilename>8b551d1e78592aa552a4ed5b4cfbcb24cb94411c.FORBIDDEN_CALL.BEFORE_CALL.c</metaSourceFilename>
            </source>
        </sourceFileList>
    </source>
</sparrow>

