<?xml version="1.0" encoding="utf-8"?>
<sparrow>
    <source compiler="gcc" workPath="/home/kskyj/sparrow4/util/testcode/c" sourcePath="/home/kskyj/sparrow4/util/testcode/c/API50.c">
        <orgPrepFilename>29.API50.c.i</orgPrepFilename>
        <newPrepFilename>1a8f580850535deac75f7d681dcb9ae2759f8ff7.API50.c.i</newPrepFilename>
        <orgMetaSourceFilename>29.API50.c</orgMetaSourceFilename>
        <newMetaSourceFilename>b8e67b931c5b1e25f0a4ee43d06b1eaf59ec6cfa.API50.c</newMetaSourceFilename>
        <compileOption text="-c API50.c" />
        <sourceFileList>
            <source systemHeader="false" userHeader="false">
                <sourcePath>/home/kskyj/sparrow4/util/testcode/c/API50.c</sourcePath>
                <metaSourceFilename>b8e67b931c5b1e25f0a4ee43d06b1eaf59ec6cfa.API50.c</metaSourceFilename>
            </source>
        </sourceFileList>
    </source>
</sparrow>

