<?xml version="1.0" encoding="utf-8"?>
<sparrow>
    <source compiler="gcc" workPath="/home/kskyj/sparrow4/util/testcode/c" sourcePath="/home/kskyj/sparrow4/util/testcode/c/MIS17.c">
        <orgPrepFilename>122.MIS17.c.i</orgPrepFilename>
        <newPrepFilename>1b903b49859b6d79d9925771ac767bbaa63627c9.MIS17.c.i</newPrepFilename>
        <orgMetaSourceFilename>122.MIS17.c</orgMetaSourceFilename>
        <newMetaSourceFilename>04a26018bec3b0059405ad31206ec9f70e3fb0dd.MIS17.c</newMetaSourceFilename>
        <compileOption text="-c MIS17.c" />
        <sourceFileList>
            <source systemHeader="false" userHeader="false">
                <sourcePath>/home/kskyj/sparrow4/util/testcode/c/MIS17.c</sourcePath>
                <metaSourceFilename>04a26018bec3b0059405ad31206ec9f70e3fb0dd.MIS17.c</metaSourceFilename>
                <smap headerFilename="./MIS17.h" metaHeaderFilename="d9f86be3d2ae967861fced6d961ad52b7670ec02.MIS17.h" line="1" />
            </source>
            <source systemHeader="false" userHeader="true">
                <sourcePath>/home/kskyj/sparrow4/util/testcode/c/MIS17.h</sourcePath>
                <metaSourceFilename>d9f86be3d2ae967861fced6d961ad52b7670ec02.MIS17.h</metaSourceFilename>
            </source>
        </sourceFileList>
    </source>
</sparrow>

