<?xml version="1.0" encoding="utf-8"?>
<sparrow>
    <source compiler="gcc" workPath="/home/kskyj/sparrow4/util/testcode/c" sourcePath="/home/kskyj/sparrow4/util/testcode/c/API29.c">
        <orgPrepFilename>9.API29.c.i</orgPrepFilename>
        <newPrepFilename>1bfe846292d11556f4345152fbe1465cfe1ea110.API29.c.i</newPrepFilename>
        <orgMetaSourceFilename>9.API29.c</orgMetaSourceFilename>
        <newMetaSourceFilename>f8b6ae22fadebee73aacf2ff0ef7da7dbbb49c61.API29.c</newMetaSourceFilename>
        <compileOption text="-c API29.c" />
        <sourceFileList>
            <source systemHeader="false" userHeader="false">
                <sourcePath>/home/kskyj/sparrow4/util/testcode/c/API29.c</sourcePath>
                <metaSourceFilename>f8b6ae22fadebee73aacf2ff0ef7da7dbbb49c61.API29.c</metaSourceFilename>
            </source>
        </sourceFileList>
    </source>
</sparrow>

