<?xml version="1.0" encoding="utf-8"?>
<sparrow>
    <source compiler="gcc" workPath="/home/kskyj/sparrow4/util/testcode/c" sourcePath="/home/kskyj/sparrow4/util/testcode/c/BAD_CALL.FORBIDDEN.LIB.TP.c">
        <orgPrepFilename>37.BAD_CALL.FORBIDDEN.LIB.TP.c.i</orgPrepFilename>
        <newPrepFilename>20152ccf19e88700fc56297ac352ce5f913f06b4.BAD_CALL.FORBIDDEN.LIB.TP.c.i</newPrepFilename>
        <orgMetaSourceFilename>37.BAD_CALL.FORBIDDEN.LIB.TP.c</orgMetaSourceFilename>
        <newMetaSourceFilename>2336a8990460f192e17b6d1a8ebbc01da1dadacb.BAD_CALL.FORBIDDEN.LIB.TP.c</newMetaSourceFilename>
        <compileOption text="-c BAD_CALL.FORBIDDEN.LIB.TP.c" />
        <sourceFileList>
            <source systemHeader="false" userHeader="false">
                <sourcePath>/home/kskyj/sparrow4/util/testcode/c/BAD_CALL.FORBIDDEN.LIB.TP.c</sourcePath>
                <metaSourceFilename>2336a8990460f192e17b6d1a8ebbc01da1dadacb.BAD_CALL.FORBIDDEN.LIB.TP.c</metaSourceFilename>
            </source>
        </sourceFileList>
    </source>
</sparrow>

