<?xml version="1.0" encoding="utf-8"?>
<sparrow>
    <source compiler="gcc" workPath="/home/kskyj/sparrow4/util/testcode/c" sourcePath="/home/kskyj/sparrow4/util/testcode/c/BAD_CALL.REQUIRED.PRE_CALL.c">
        <orgPrepFilename>54.BAD_CALL.REQUIRED.PRE_CALL.c.i</orgPrepFilename>
        <newPrepFilename>21973f8b6e4bb40eb64f7303a26c51906854a2c5.BAD_CALL.REQUIRED.PRE_CALL.c.i</newPrepFilename>
        <orgMetaSourceFilename>54.BAD_CALL.REQUIRED.PRE_CALL.c</orgMetaSourceFilename>
        <newMetaSourceFilename>4893af9a5e82b0a905aa5049ed7107e4c02ed697.BAD_CALL.REQUIRED.PRE_CALL.c</newMetaSourceFilename>
        <compileOption text="-c BAD_CALL.REQUIRED.PRE_CALL.c" />
        <sourceFileList>
            <source systemHeader="false" userHeader="false">
                <sourcePath>/home/kskyj/sparrow4/util/testcode/c/BAD_CALL.REQUIRED.PRE_CALL.c</sourcePath>
                <metaSourceFilename>4893af9a5e82b0a905aa5049ed7107e4c02ed697.BAD_CALL.REQUIRED.PRE_CALL.c</metaSourceFilename>
            </source>
        </sourceFileList>
    </source>
</sparrow>

