<?xml version="1.0" encoding="utf-8"?>
<sparrow>
    <source compiler="gcc" workPath="/home/kskyj/sparrow4/util/testcode/c" sourcePath="/home/kskyj/sparrow4/util/testcode/c/BAD_QUALIFIER.FORBIDDEN.c">
        <orgPrepFilename>78.BAD_QUALIFIER.FORBIDDEN.c.i</orgPrepFilename>
        <newPrepFilename>24f4fb3f56990529c2071898b7a021a7cda6ea73.BAD_QUALIFIER.FORBIDDEN.c.i</newPrepFilename>
        <orgMetaSourceFilename>78.BAD_QUALIFIER.FORBIDDEN.c</orgMetaSourceFilename>
        <newMetaSourceFilename>368f27d1c4d2413e745d9ca2aae30244ead1db5d.BAD_QUALIFIER.FORBIDDEN.c</newMetaSourceFilename>
        <compileOption text="-c BAD_QUALIFIER.FORBIDDEN.c" />
        <sourceFileList>
            <source systemHeader="false" userHeader="false">
                <sourcePath>/home/kskyj/sparrow4/util/testcode/c/BAD_QUALIFIER.FORBIDDEN.c</sourcePath>
                <metaSourceFilename>368f27d1c4d2413e745d9ca2aae30244ead1db5d.BAD_QUALIFIER.FORBIDDEN.c</metaSourceFilename>
            </source>
        </sourceFileList>
    </source>
</sparrow>

