<?xml version="1.0" encoding="utf-8"?>
<sparrow>
    <source compiler="gcc" workPath="/home/kskyj/sparrow4/util/testcode/c" sourcePath="/home/kskyj/sparrow4/util/testcode/c/BAD_CALL.REQUIRED.VARARGS.c">
        <orgPrepFilename>55.BAD_CALL.REQUIRED.VARARGS.c.i</orgPrepFilename>
        <newPrepFilename>25a37abd3d3cd64fd7dd764e50cac72dd71887df.BAD_CALL.REQUIRED.VARARGS.c.i</newPrepFilename>
        <orgMetaSourceFilename>55.BAD_CALL.REQUIRED.VARARGS.c</orgMetaSourceFilename>
        <newMetaSourceFilename>08bdd2c85957dc75676509e556827e3f344d100d.BAD_CALL.REQUIRED.VARARGS.c</newMetaSourceFilename>
        <compileOption text="-c BAD_CALL.REQUIRED.VARARGS.c" />
        <sourceFileList>
            <source systemHeader="false" userHeader="false">
                <sourcePath>/home/kskyj/sparrow4/util/testcode/c/BAD_CALL.REQUIRED.VARARGS.c</sourcePath>
                <metaSourceFilename>08bdd2c85957dc75676509e556827e3f344d100d.BAD_CALL.REQUIRED.VARARGS.c</metaSourceFilename>
            </source>
        </sourceFileList>
    </source>
</sparrow>

