<?xml version="1.0" encoding="utf-8"?>
<sparrow>
    <source compiler="gcc" workPath="/home/kskyj/sparrow4/util/testcode/c" sourcePath="/home/kskyj/sparrow4/util/testcode/c/BAD_INCLUDE.INVALID_PATH.c">
        <orgPrepFilename>65.BAD_INCLUDE.INVALID_PATH.c.i</orgPrepFilename>
        <newPrepFilename>25d126a4beb29fca9bdba32fec6f3e7cd3c410cb.BAD_INCLUDE.INVALID_PATH.c.i</newPrepFilename>
        <orgMetaSourceFilename>65.BAD_INCLUDE.INVALID_PATH.c</orgMetaSourceFilename>
        <newMetaSourceFilename>97071056f5c75cca00f52b353ff1d91f7204f072.BAD_INCLUDE.INVALID_PATH.c</newMetaSourceFilename>
        <compileOption text="-c BAD_INCLUDE.INVALID_PATH.c" />
        <sourceFileList>
            <source systemHeader="false" userHeader="false">
                <sourcePath>/home/kskyj/sparrow4/util/testcode/c/BAD_INCLUDE.INVALID_PATH.c</sourcePath>
                <metaSourceFilename>97071056f5c75cca00f52b353ff1d91f7204f072.BAD_INCLUDE.INVALID_PATH.c</metaSourceFilename>
                <smap headerFilename="./MIS14_A.h" metaHeaderFilename="da39a3ee5e6b4b0d3255bfef95601890afd80709.MIS14_A.h" line="3" />
            </source>
            <source systemHeader="false" userHeader="true">
                <sourcePath>/home/kskyj/sparrow4/util/testcode/c/MIS14_A.h</sourcePath>
                <metaSourceFilename>da39a3ee5e6b4b0d3255bfef95601890afd80709.MIS14_A.h</metaSourceFilename>
            </source>
        </sourceFileList>
    </source>
</sparrow>

