<?xml version="1.0" encoding="utf-8"?>
<sparrow>
    <source compiler="gcc" workPath="/home/kskyj/sparrow4/util/testcode/c" sourcePath="/home/kskyj/sparrow4/util/testcode/c/BAD_CALL.FORBIDDEN.LIB.TIMER.c">
        <orgPrepFilename>36.BAD_CALL.FORBIDDEN.LIB.TIMER.c.i</orgPrepFilename>
        <newPrepFilename>29cb2c63abf1c7104533ceab45a563cb298d6847.BAD_CALL.FORBIDDEN.LIB.TIMER.c.i</newPrepFilename>
        <orgMetaSourceFilename>36.BAD_CALL.FORBIDDEN.LIB.TIMER.c</orgMetaSourceFilename>
        <newMetaSourceFilename>f5062796510094299fc85f6eac080f3b4a41a84d.BAD_CALL.FORBIDDEN.LIB.TIMER.c</newMetaSourceFilename>
        <compileOption text="-c BAD_CALL.FORBIDDEN.LIB.TIMER.c" />
        <sourceFileList>
            <source systemHeader="false" userHeader="false">
                <sourcePath>/home/kskyj/sparrow4/util/testcode/c/BAD_CALL.FORBIDDEN.LIB.TIMER.c</sourcePath>
                <metaSourceFilename>f5062796510094299fc85f6eac080f3b4a41a84d.BAD_CALL.FORBIDDEN.LIB.TIMER.c</metaSourceFilename>
            </source>
        </sourceFileList>
    </source>
</sparrow>

