<?xml version="1.0" encoding="utf-8"?>
<sparrow>
    <source compiler="gcc" workPath="/home/kskyj/sparrow4/util/testcode/c" sourcePath="/home/kskyj/sparrow4/util/testcode/c/MIS07.c">
        <orgPrepFilename>114.MIS07.c.i</orgPrepFilename>
        <newPrepFilename>33055ec5e75adee463103914c229b01b082788f0.MIS07.c.i</newPrepFilename>
        <orgMetaSourceFilename>114.MIS07.c</orgMetaSourceFilename>
        <newMetaSourceFilename>9fbf4c95051e7ada18676d1934e6a2cd37c0715b.MIS07.c</newMetaSourceFilename>
        <compileOption text="-c MIS07.c" />
        <sourceFileList>
            <source systemHeader="false" userHeader="false">
                <sourcePath>/home/kskyj/sparrow4/util/testcode/c/MIS07.c</sourcePath>
                <metaSourceFilename>9fbf4c95051e7ada18676d1934e6a2cd37c0715b.MIS07.c</metaSourceFilename>
            </source>
        </sourceFileList>
    </source>
</sparrow>

