<?xml version="1.0" encoding="utf-8"?>
<sparrow>
    <source compiler="gcc" workPath="/home/kskyj/sparrow4/util/testcode/c" sourcePath="/home/kskyj/sparrow4/util/testcode/c/TOO_MANY_METHODS.c">
        <orgPrepFilename>146.TOO_MANY_METHODS.c.i</orgPrepFilename>
        <newPrepFilename>393fe28650396a1203a12d88443729137820922d.TOO_MANY_METHODS.c.i</newPrepFilename>
        <orgMetaSourceFilename>146.TOO_MANY_METHODS.c</orgMetaSourceFilename>
        <newMetaSourceFilename>3e042667e50e93e8cfed31ba3de2a18d32d01fa6.TOO_MANY_METHODS.c</newMetaSourceFilename>
        <compileOption text="-c TOO_MANY_METHODS.c" />
        <sourceFileList>
            <source systemHeader="false" userHeader="false">
                <sourcePath>/home/kskyj/sparrow4/util/testcode/c/TOO_MANY_METHODS.c</sourcePath>
                <metaSourceFilename>3e042667e50e93e8cfed31ba3de2a18d32d01fa6.TOO_MANY_METHODS.c</metaSourceFilename>
            </source>
        </sourceFileList>
    </source>
</sparrow>

