<?xml version="1.0" encoding="utf-8"?>
<sparrow>
    <source compiler="gcc" workPath="/home/kskyj/sparrow4/util/testcode/c" sourcePath="/home/kskyj/sparrow4/util/testcode/c/target.c">
        <orgPrepFilename>164.target.c.i</orgPrepFilename>
        <newPrepFilename>399ef3950bf07684689a069695ee14bf14668f55.target.c.i</newPrepFilename>
        <orgMetaSourceFilename>164.target.c</orgMetaSourceFilename>
        <newMetaSourceFilename>8411c816990a6ddaaf573985ac3a30360cc1d50c.target.c</newMetaSourceFilename>
        <compileOption text="-c target.c" />
        <sourceFileList>
            <source systemHeader="false" userHeader="false">
                <sourcePath>/home/kskyj/sparrow4/util/testcode/c/target.c</sourcePath>
                <metaSourceFilename>8411c816990a6ddaaf573985ac3a30360cc1d50c.target.c</metaSourceFilename>
            </source>
        </sourceFileList>
    </source>
</sparrow>

