<?xml version="1.0" encoding="utf-8"?>
<sparrow>
    <source compiler="gcc" workPath="/home/kskyj/sparrow4/util/testcode/c" sourcePath="/home/kskyj/sparrow4/util/testcode/c/BAD_CALL.FORBIDDEN.PARAM.NAME.c">
        <orgPrepFilename>39.BAD_CALL.FORBIDDEN.PARAM.NAME.c.i</orgPrepFilename>
        <newPrepFilename>39e8e3780b5d68b17fde55c876f9fd9732d5719f.BAD_CALL.FORBIDDEN.PARAM.NAME.c.i</newPrepFilename>
        <orgMetaSourceFilename>39.BAD_CALL.FORBIDDEN.PARAM.NAME.c</orgMetaSourceFilename>
        <newMetaSourceFilename>695fd75a946e725927c6472935dee7bddfd04443.BAD_CALL.FORBIDDEN.PARAM.NAME.c</newMetaSourceFilename>
        <compileOption text="-c BAD_CALL.FORBIDDEN.PARAM.NAME.c" />
        <sourceFileList>
            <source systemHeader="false" userHeader="false">
                <sourcePath>/home/kskyj/sparrow4/util/testcode/c/BAD_CALL.FORBIDDEN.PARAM.NAME.c</sourcePath>
                <metaSourceFilename>695fd75a946e725927c6472935dee7bddfd04443.BAD_CALL.FORBIDDEN.PARAM.NAME.c</metaSourceFilename>
            </source>
        </sourceFileList>
    </source>
</sparrow>

