<?xml version="1.0" encoding="utf-8"?>
<sparrow>
    <source compiler="gcc" workPath="/home/kskyj/sparrow4/util/testcode/c" sourcePath="/home/kskyj/sparrow4/util/testcode/c/sub.c">
        <orgPrepFilename>163.sub.c.i</orgPrepFilename>
        <newPrepFilename>3abfda8f12d3755eb81723f7d534f3127aeb7887.sub.c.i</newPrepFilename>
        <orgMetaSourceFilename>163.sub.c</orgMetaSourceFilename>
        <newMetaSourceFilename>02f6b0606eb3f82fdb9f692cb7db836b53e82399.sub.c</newMetaSourceFilename>
        <compileOption text="-c sub.c" />
        <sourceFileList>
            <source systemHeader="false" userHeader="false">
                <sourcePath>/home/kskyj/sparrow4/util/testcode/c/sub.c</sourcePath>
                <metaSourceFilename>02f6b0606eb3f82fdb9f692cb7db836b53e82399.sub.c</metaSourceFilename>
                <smap headerFilename="sub.h" metaHeaderFilename="0af62732faeed640032329c48304a3dceb9efa72.sub.h" line="1" />
            </source>
            <source systemHeader="false" userHeader="true">
                <sourcePath>/home/kskyj/sparrow4/util/testcode/c/sub.h</sourcePath>
                <metaSourceFilename>0af62732faeed640032329c48304a3dceb9efa72.sub.h</metaSourceFilename>
            </source>
        </sourceFileList>
    </source>
</sparrow>

