<?xml version="1.0" encoding="utf-8"?>
<sparrow>
    <source compiler="gcc" workPath="/home/kskyj/sparrow4/util/testcode/c" sourcePath="/home/kskyj/sparrow4/util/testcode/c/BAD_INIT.CHAR_ARRAY.c">
        <orgPrepFilename>66.BAD_INIT.CHAR_ARRAY.c.i</orgPrepFilename>
        <newPrepFilename>3c7441651bc3feaed132817bc4bab8e29e36c61d.BAD_INIT.CHAR_ARRAY.c.i</newPrepFilename>
        <orgMetaSourceFilename>66.BAD_INIT.CHAR_ARRAY.c</orgMetaSourceFilename>
        <newMetaSourceFilename>b8cd937a78192df8426e5e88a5561a8311adc0e5.BAD_INIT.CHAR_ARRAY.c</newMetaSourceFilename>
        <compileOption text="-c BAD_INIT.CHAR_ARRAY.c" />
        <sourceFileList>
            <source systemHeader="false" userHeader="false">
                <sourcePath>/home/kskyj/sparrow4/util/testcode/c/BAD_INIT.CHAR_ARRAY.c</sourcePath>
                <metaSourceFilename>b8cd937a78192df8426e5e88a5561a8311adc0e5.BAD_INIT.CHAR_ARRAY.c</metaSourceFilename>
            </source>
        </sourceFileList>
    </source>
</sparrow>

