<?xml version="1.0" encoding="utf-8"?>
<sparrow>
    <source compiler="gcc" workPath="/home/kskyj/sparrow4/util/testcode/c" sourcePath="/home/kskyj/sparrow4/util/testcode/c/BAD_CALL.FORBIDDEN.VARARGS.c">
        <orgPrepFilename>43.BAD_CALL.FORBIDDEN.VARARGS.c.i</orgPrepFilename>
        <newPrepFilename>3c785b37d82ff81447cdf68b40e6f90a13b27c53.BAD_CALL.FORBIDDEN.VARARGS.c.i</newPrepFilename>
        <orgMetaSourceFilename>43.BAD_CALL.FORBIDDEN.VARARGS.c</orgMetaSourceFilename>
        <newMetaSourceFilename>b5e565bbba11bdccc2dc7856e7372af39482c06b.BAD_CALL.FORBIDDEN.VARARGS.c</newMetaSourceFilename>
        <compileOption text="-c BAD_CALL.FORBIDDEN.VARARGS.c" />
        <sourceFileList>
            <source systemHeader="false" userHeader="false">
                <sourcePath>/home/kskyj/sparrow4/util/testcode/c/BAD_CALL.FORBIDDEN.VARARGS.c</sourcePath>
                <metaSourceFilename>b5e565bbba11bdccc2dc7856e7372af39482c06b.BAD_CALL.FORBIDDEN.VARARGS.c</metaSourceFilename>
            </source>
        </sourceFileList>
    </source>
</sparrow>

