<?xml version="1.0" encoding="utf-8"?>
<sparrow>
    <source compiler="gcc" workPath="/home/kskyj/sparrow4/util/testcode/c" sourcePath="/home/kskyj/sparrow4/util/testcode/c/FBD01.c">
        <orgPrepFilename>96.FBD01.c.i</orgPrepFilename>
        <newPrepFilename>3c846ef1468bc74524565eacae650052df759b5c.FBD01.c.i</newPrepFilename>
        <orgMetaSourceFilename>96.FBD01.c</orgMetaSourceFilename>
        <newMetaSourceFilename>c9ea1bf9e04e1052363ddaa25deabd3cc8b8ada0.FBD01.c</newMetaSourceFilename>
        <compileOption text="-c FBD01.c" />
        <sourceFileList>
            <source systemHeader="false" userHeader="false">
                <sourcePath>/home/kskyj/sparrow4/util/testcode/c/FBD01.c</sourcePath>
                <metaSourceFilename>c9ea1bf9e04e1052363ddaa25deabd3cc8b8ada0.FBD01.c</metaSourceFilename>
            </source>
        </sourceFileList>
    </source>
</sparrow>

