<?xml version="1.0" encoding="utf-8"?>
<sparrow>
    <source compiler="gcc" workPath="/home/kskyj/sparrow4/util/testcode/c" sourcePath="/home/kskyj/sparrow4/util/testcode/c/BAD_CALL.REQUIRED.PARAM.c">
        <orgPrepFilename>53.BAD_CALL.REQUIRED.PARAM.c.i</orgPrepFilename>
        <newPrepFilename>3cea62a02e843ead06e9117347f21a84dee92b1c.BAD_CALL.REQUIRED.PARAM.c.i</newPrepFilename>
        <orgMetaSourceFilename>53.BAD_CALL.REQUIRED.PARAM.c</orgMetaSourceFilename>
        <newMetaSourceFilename>dff0b44107663701f030e9a77b633e0ec8c24427.BAD_CALL.REQUIRED.PARAM.c</newMetaSourceFilename>
        <compileOption text="-c BAD_CALL.REQUIRED.PARAM.c" />
        <sourceFileList>
            <source systemHeader="false" userHeader="false">
                <sourcePath>/home/kskyj/sparrow4/util/testcode/c/BAD_CALL.REQUIRED.PARAM.c</sourcePath>
                <metaSourceFilename>dff0b44107663701f030e9a77b633e0ec8c24427.BAD_CALL.REQUIRED.PARAM.c</metaSourceFilename>
            </source>
        </sourceFileList>
    </source>
</sparrow>

