<?xml version="1.0" encoding="utf-8"?>
<sparrow>
    <source compiler="gcc" workPath="/home/kskyj/sparrow4/util/testcode/c" sourcePath="/home/kskyj/sparrow4/util/testcode/c/BAD_CALL.NOT_ALLOWED.PARAM.NAME.c">
        <orgPrepFilename>49.BAD_CALL.NOT_ALLOWED.PARAM.NAME.c.i</orgPrepFilename>
        <newPrepFilename>3de28b862e58117007cb6a8d2c1bd857e3d9fae6.BAD_CALL.NOT_ALLOWED.PARAM.NAME.c.i</newPrepFilename>
        <orgMetaSourceFilename>49.BAD_CALL.NOT_ALLOWED.PARAM.NAME.c</orgMetaSourceFilename>
        <newMetaSourceFilename>6d24961a2885d522ed83e35e5734c34f2f736efd.BAD_CALL.NOT_ALLOWED.PARAM.NAME.c</newMetaSourceFilename>
        <compileOption text="-c BAD_CALL.NOT_ALLOWED.PARAM.NAME.c" />
        <sourceFileList>
            <source systemHeader="false" userHeader="false">
                <sourcePath>/home/kskyj/sparrow4/util/testcode/c/BAD_CALL.NOT_ALLOWED.PARAM.NAME.c</sourcePath>
                <metaSourceFilename>6d24961a2885d522ed83e35e5734c34f2f736efd.BAD_CALL.NOT_ALLOWED.PARAM.NAME.c</metaSourceFilename>
            </source>
        </sourceFileList>
    </source>
</sparrow>

