<?xml version="1.0" encoding="utf-8"?>
<sparrow>
    <source compiler="gcc" workPath="/home/kskyj/sparrow4/util/testcode/c" sourcePath="/home/kskyj/sparrow4/util/testcode/c/BAD_STRING_MANAGEMENT.c">
        <orgPrepFilename>80.BAD_STRING_MANAGEMENT.c.i</orgPrepFilename>
        <newPrepFilename>3e08dd72bd6848d2326f766487b514f39d181e38.BAD_STRING_MANAGEMENT.c.i</newPrepFilename>
        <orgMetaSourceFilename>80.BAD_STRING_MANAGEMENT.c</orgMetaSourceFilename>
        <newMetaSourceFilename>a641c0279d2ec71702f1fbdbae69463d99c1e57e.BAD_STRING_MANAGEMENT.c</newMetaSourceFilename>
        <compileOption text="-c BAD_STRING_MANAGEMENT.c" />
        <sourceFileList>
            <source systemHeader="false" userHeader="false">
                <sourcePath>/home/kskyj/sparrow4/util/testcode/c/BAD_STRING_MANAGEMENT.c</sourcePath>
                <metaSourceFilename>a641c0279d2ec71702f1fbdbae69463d99c1e57e.BAD_STRING_MANAGEMENT.c</metaSourceFilename>
            </source>
        </sourceFileList>
    </source>
</sparrow>

