<?xml version="1.0" encoding="utf-8"?>
<sparrow>
    <source compiler="gcc" workPath="/home/kskyj/sparrow4/util/testcode/c" sourcePath="/home/kskyj/sparrow4/util/testcode/c/BAD_CALL.FORBIDDEN.PARAM.LITERAL.c">
        <orgPrepFilename>38.BAD_CALL.FORBIDDEN.PARAM.LITERAL.c.i</orgPrepFilename>
        <newPrepFilename>3f37093b00151d3589118017e34163f2e781da86.BAD_CALL.FORBIDDEN.PARAM.LITERAL.c.i</newPrepFilename>
        <orgMetaSourceFilename>38.BAD_CALL.FORBIDDEN.PARAM.LITERAL.c</orgMetaSourceFilename>
        <newMetaSourceFilename>ebc514aadc9a73a01072de10c2cb060b4b1ecba4.BAD_CALL.FORBIDDEN.PARAM.LITERAL.c</newMetaSourceFilename>
        <compileOption text="-c BAD_CALL.FORBIDDEN.PARAM.LITERAL.c" />
        <sourceFileList>
            <source systemHeader="false" userHeader="false">
                <sourcePath>/home/kskyj/sparrow4/util/testcode/c/BAD_CALL.FORBIDDEN.PARAM.LITERAL.c</sourcePath>
                <metaSourceFilename>ebc514aadc9a73a01072de10c2cb060b4b1ecba4.BAD_CALL.FORBIDDEN.PARAM.LITERAL.c</metaSourceFilename>
            </source>
        </sourceFileList>
    </source>
</sparrow>

