<?xml version="1.0" encoding="utf-8"?>
<sparrow>
    <source compiler="gcc" workPath="/home/kskyj/sparrow4/util/testcode/c" sourcePath="/home/kskyj/sparrow4/util/testcode/c/API46.c">
        <orgPrepFilename>26.API46.c.i</orgPrepFilename>
        <newPrepFilename>40ac34245ae3d8f8e231e68ac45411b2662d1ec8.API46.c.i</newPrepFilename>
        <orgMetaSourceFilename>26.API46.c</orgMetaSourceFilename>
        <newMetaSourceFilename>d0df751c6e4d59548766b91b458008f0757c09c0.API46.c</newMetaSourceFilename>
        <compileOption text="-c API46.c" />
        <sourceFileList>
            <source systemHeader="false" userHeader="false">
                <sourcePath>/home/kskyj/sparrow4/util/testcode/c/API46.c</sourcePath>
                <metaSourceFilename>d0df751c6e4d59548766b91b458008f0757c09c0.API46.c</metaSourceFilename>
            </source>
        </sourceFileList>
    </source>
</sparrow>

