<?xml version="1.0" encoding="utf-8"?>
<sparrow>
    <source compiler="gcc" workPath="/home/kskyj/sparrow4/util/testcode/c" sourcePath="/home/kskyj/sparrow4/util/testcode/c/MIS06.c">
        <orgPrepFilename>113.MIS06.c.i</orgPrepFilename>
        <newPrepFilename>41a2c099d8deaf8467ee788500a8013a65574d7f.MIS06.c.i</newPrepFilename>
        <orgMetaSourceFilename>113.MIS06.c</orgMetaSourceFilename>
        <newMetaSourceFilename>52f6acb3807642b2406398414d5cecb8d765d70a.MIS06.c</newMetaSourceFilename>
        <compileOption text="-c MIS06.c" />
        <sourceFileList>
            <source systemHeader="false" userHeader="false">
                <sourcePath>/home/kskyj/sparrow4/util/testcode/c/MIS06.c</sourcePath>
                <metaSourceFilename>52f6acb3807642b2406398414d5cecb8d765d70a.MIS06.c</metaSourceFilename>
            </source>
        </sourceFileList>
    </source>
</sparrow>

