<?xml version="1.0" encoding="utf-8"?>
<sparrow>
    <source compiler="gcc" workPath="/home/kskyj/sparrow4/util/testcode/c" sourcePath="/home/kskyj/sparrow4/util/testcode/c/API42.c">
        <orgPrepFilename>22.API42.c.i</orgPrepFilename>
        <newPrepFilename>42bebfdfe44c231df1cb3379ec9fd97420923036.API42.c.i</newPrepFilename>
        <orgMetaSourceFilename>22.API42.c</orgMetaSourceFilename>
        <newMetaSourceFilename>232914a18617c0ab5d10bd70ade515530a595595.API42.c</newMetaSourceFilename>
        <compileOption text="-c API42.c" />
        <sourceFileList>
            <source systemHeader="false" userHeader="false">
                <sourcePath>/home/kskyj/sparrow4/util/testcode/c/API42.c</sourcePath>
                <metaSourceFilename>232914a18617c0ab5d10bd70ade515530a595595.API42.c</metaSourceFilename>
            </source>
            <source systemHeader="false" userHeader="true">
                <sourcePath>/usr/include/_G_config.h</sourcePath>
                <metaSourceFilename>3ef8102eb64714a10b5352999a914bd2393a2af9._G_config.h</metaSourceFilename>
                <smap headerFilename="bits/types.h" metaHeaderFilename="479dff664ef27ce12674108e2ff8f812bba03347.types.h" line="9" />
                <smap headerFilename="wchar.h" metaHeaderFilename="4fa5fcd84564709d6665299c6bd6f0b92b723b1e.wchar.h" line="20" />
            </source>
            <source systemHeader="false" userHeader="true">
                <sourcePath>/usr/include/bits/predefs.h</sourcePath>
                <metaSourceFilename>7ea671a521e38b2f5af51c681e2e2e3653f416ac.predefs.h</metaSourceFilename>
            </source>
            <source systemHeader="false" userHeader="true">
                <sourcePath>/usr/include/bits/stdio_lim.h</sourcePath>
                <metaSourceFilename>a065a73053f25b83bf0d0a56c89a640c1487ccb2.stdio_lim.h</metaSourceFilename>
            </source>
            <source systemHeader="false" userHeader="true">
                <sourcePath>/usr/include/bits/sys_errlist.h</sourcePath>
                <metaSourceFilename>22f8060311e8c04c50cefc0ec98e73e43d12de07.sys_errlist.h</metaSourceFilename>
            </source>
            <source systemHeader="false" userHeader="true">
                <sourcePath>/usr/include/bits/types.h</sourcePath>
                <metaSourceFilename>479dff664ef27ce12674108e2ff8f812bba03347.types.h</metaSourceFilename>
            </source>
            <source systemHeader="false" userHeader="true">
                <sourcePath>/usr/include/bits/typesizes.h</sourcePath>
                <metaSourceFilename>48770296c267e7d2b2700b8c62197b279a052b9b.typesizes.h</metaSourceFilename>
            </source>
            <source systemHeader="false" userHeader="true">
                <sourcePath>/usr/include/bits/wordsize.h</sourcePath>
                <metaSourceFilename>fbbcf87cba8973c2d6f1116bef307b6f116ff995.wordsize.h</metaSourceFilename>
            </source>
            <source systemHeader="false" userHeader="true">
                <sourcePath>/usr/include/features.h</sourcePath>
                <metaSourceFilename>22e5b6e4f4c1e8561021d24ecf1c69833d4b6e56.features.h</metaSourceFilename>
                <smap headerFilename="bits/predefs.h" metaHeaderFilename="7ea671a521e38b2f5af51c681e2e2e3653f416ac.predefs.h" line="313" />
                <smap headerFilename="sys/cdefs.h" metaHeaderFilename="45ce76d4bc0806113f292a8591ac3966b27681d8.cdefs.h" line="346" />
                <smap headerFilename="gnu/stubs.h" metaHeaderFilename="549e6828d2f4d522686bd8e90b87740c41eb1c42.stubs.h" line="378" />
            </source>
            <source systemHeader="false" userHeader="true">
                <sourcePath>/usr/include/gnu/stubs-32.h</sourcePath>
                <metaSourceFilename>f2493274bc2c537b27c68b8fad51173d1fbea61e.stubs-32.h</metaSourceFilename>
            </source>
            <source systemHeader="false" userHeader="true">
                <sourcePath>/usr/include/gnu/stubs.h</sourcePath>
                <metaSourceFilename>549e6828d2f4d522686bd8e90b87740c41eb1c42.stubs.h</metaSourceFilename>
            </source>
            <source systemHeader="false" userHeader="true">
                <sourcePath>/usr/include/libio.h</sourcePath>
                <metaSourceFilename>9f058aa2539f595176fe94a86a726592748680db.libio.h</metaSourceFilename>
                <smap headerFilename="_G_config.h" metaHeaderFilename="3ef8102eb64714a10b5352999a914bd2393a2af9._G_config.h" line="32" />
                <smap headerFilename="sys/cdefs.h" metaHeaderFilename="45ce76d4bc0806113f292a8591ac3966b27681d8.cdefs.h" line="62" />
            </source>
            <source systemHeader="false" userHeader="true">
                <sourcePath>/usr/include/stdio.h</sourcePath>
                <metaSourceFilename>60b7800ddcc356e42a6e2193f16449c742879b09.stdio.h</metaSourceFilename>
                <smap headerFilename="features.h" metaHeaderFilename="22e5b6e4f4c1e8561021d24ecf1c69833d4b6e56.features.h" line="28" />
                <smap headerFilename="bits/types.h" metaHeaderFilename="479dff664ef27ce12674108e2ff8f812bba03347.types.h" line="36" />
                <smap headerFilename="libio.h" metaHeaderFilename="9f058aa2539f595176fe94a86a726592748680db.libio.h" line="75" />
                <smap headerFilename="bits/stdio_lim.h" metaHeaderFilename="a065a73053f25b83bf0d0a56c89a640c1487ccb2.stdio_lim.h" line="141" />
                <smap headerFilename="bits/sys_errlist.h" metaHeaderFilename="22f8060311e8c04c50cefc0ec98e73e43d12de07.sys_errlist.h" line="826" />
            </source>
            <source systemHeader="false" userHeader="true">
                <sourcePath>/usr/include/sys/cdefs.h</sourcePath>
                <metaSourceFilename>45ce76d4bc0806113f292a8591ac3966b27681d8.cdefs.h</metaSourceFilename>
            </source>
            <source systemHeader="false" userHeader="true">
                <sourcePath>/usr/include/wchar.h</sourcePath>
                <metaSourceFilename>4fa5fcd84564709d6665299c6bd6f0b92b723b1e.wchar.h</metaSourceFilename>
                <smap headerFilename="features.h" metaHeaderFilename="22e5b6e4f4c1e8561021d24ecf1c69833d4b6e56.features.h" line="28" />
                <smap headerFilename="stdio.h" metaHeaderFilename="60b7800ddcc356e42a6e2193f16449c742879b09.stdio.h" line="37" />
            </source>
            <source systemHeader="false" userHeader="true">
                <sourcePath>/usr/local/lib/gcc/i686-pc-linux-gnu/4.5.3/include/stdarg.h</sourcePath>
                <metaSourceFilename>341e9bd4782d8e914a3741baa59221c7b332f1ff.stdarg.h</metaSourceFilename>
            </source>
            <source systemHeader="false" userHeader="true">
                <sourcePath>/usr/local/lib/gcc/i686-pc-linux-gnu/4.5.3/include/stddef.h</sourcePath>
                <metaSourceFilename>6b9fe4bb4a6ddad1f2c7a3485c7cebad0e5d9f29.stddef.h</metaSourceFilename>
            </source>
        </sourceFileList>
    </source>
</sparrow>

