<?xml version="1.0" encoding="utf-8"?>
<sparrow>
    <source compiler="gcc" workPath="/home/kskyj/sparrow4/util/testcode/c" sourcePath="/home/kskyj/sparrow4/util/testcode/c/BAD_CALL.MISSING_CALL_PARAM.c">
        <orgPrepFilename>48.BAD_CALL.MISSING_CALL_PARAM.c.i</orgPrepFilename>
        <newPrepFilename>45d737cf1816537689015e95e301a52d50af236c.BAD_CALL.MISSING_CALL_PARAM.c.i</newPrepFilename>
        <orgMetaSourceFilename>48.BAD_CALL.MISSING_CALL_PARAM.c</orgMetaSourceFilename>
        <newMetaSourceFilename>5e403105ff1d239e306e8086f9081ce891af5503.BAD_CALL.MISSING_CALL_PARAM.c</newMetaSourceFilename>
        <compileOption text="-c BAD_CALL.MISSING_CALL_PARAM.c" />
        <sourceFileList>
            <source systemHeader="false" userHeader="false">
                <sourcePath>/home/kskyj/sparrow4/util/testcode/c/BAD_CALL.MISSING_CALL_PARAM.c</sourcePath>
                <metaSourceFilename>5e403105ff1d239e306e8086f9081ce891af5503.BAD_CALL.MISSING_CALL_PARAM.c</metaSourceFilename>
            </source>
        </sourceFileList>
    </source>
</sparrow>

