<?xml version="1.0" encoding="utf-8"?>
<sparrow>
    <source compiler="gcc" workPath="/home/kskyj/sparrow4/util/testcode/c" sourcePath="/home/kskyj/sparrow4/util/testcode/c/API24.c">
        <orgPrepFilename>5.API24.c.i</orgPrepFilename>
        <newPrepFilename>46d73008519b7e03fb033d12682fddbde549fe5a.API24.c.i</newPrepFilename>
        <orgMetaSourceFilename>5.API24.c</orgMetaSourceFilename>
        <newMetaSourceFilename>eed096e7d8c281058d3c209bf77aed8d49bc6207.API24.c</newMetaSourceFilename>
        <compileOption text="-c API24.c" />
        <sourceFileList>
            <source systemHeader="false" userHeader="false">
                <sourcePath>/home/kskyj/sparrow4/util/testcode/c/API24.c</sourcePath>
                <metaSourceFilename>eed096e7d8c281058d3c209bf77aed8d49bc6207.API24.c</metaSourceFilename>
            </source>
        </sourceFileList>
    </source>
</sparrow>

