<?xml version="1.0" encoding="utf-8"?>
<sparrow>
    <source compiler="gcc" workPath="/home/kskyj/sparrow4/util/testcode/c" sourcePath="/home/kskyj/sparrow4/util/testcode/c/API40.c">
        <orgPrepFilename>20.API40.c.i</orgPrepFilename>
        <newPrepFilename>475a5e66b185c57f864256775af3eb059f1c05cb.API40.c.i</newPrepFilename>
        <orgMetaSourceFilename>20.API40.c</orgMetaSourceFilename>
        <newMetaSourceFilename>28c927ceabb131b0165132414d04847ee239d649.API40.c</newMetaSourceFilename>
        <compileOption text="-c API40.c" />
        <sourceFileList>
            <source systemHeader="false" userHeader="false">
                <sourcePath>/home/kskyj/sparrow4/util/testcode/c/API40.c</sourcePath>
                <metaSourceFilename>28c927ceabb131b0165132414d04847ee239d649.API40.c</metaSourceFilename>
            </source>
        </sourceFileList>
    </source>
</sparrow>

