<?xml version="1.0" encoding="utf-8"?>
<sparrow>
    <source compiler="gcc" workPath="/home/kskyj/sparrow4/util/testcode/c" sourcePath="/home/kskyj/sparrow4/util/testcode/c/MIS22.c">
        <orgPrepFilename>127.MIS22.c.i</orgPrepFilename>
        <newPrepFilename>4789f9e48ee78555c1856c711642adaf7d9fe7c8.MIS22.c.i</newPrepFilename>
        <orgMetaSourceFilename>127.MIS22.c</orgMetaSourceFilename>
        <newMetaSourceFilename>4d8fba94cc359fb5cc9f406411587fca9b19e4c2.MIS22.c</newMetaSourceFilename>
        <compileOption text="-c MIS22.c" />
        <sourceFileList>
            <source systemHeader="false" userHeader="false">
                <sourcePath>/home/kskyj/sparrow4/util/testcode/c/MIS22.c</sourcePath>
                <metaSourceFilename>4d8fba94cc359fb5cc9f406411587fca9b19e4c2.MIS22.c</metaSourceFilename>
            </source>
        </sourceFileList>
    </source>
</sparrow>

