<?xml version="1.0" encoding="utf-8"?>
<sparrow>
    <source compiler="gcc" workPath="/home/kskyj/sparrow4/util/testcode/c" sourcePath="/home/kskyj/sparrow4/util/testcode/c/API35.c">
        <orgPrepFilename>15.API35.c.i</orgPrepFilename>
        <newPrepFilename>4f336cd9e4bc240ce051806dafcf43ec51c20532.API35.c.i</newPrepFilename>
        <orgMetaSourceFilename>15.API35.c</orgMetaSourceFilename>
        <newMetaSourceFilename>8d9135006e0d654c2daef5f4a56aefacbf693b27.API35.c</newMetaSourceFilename>
        <compileOption text="-c API35.c" />
        <sourceFileList>
            <source systemHeader="false" userHeader="false">
                <sourcePath>/home/kskyj/sparrow4/util/testcode/c/API35.c</sourcePath>
                <metaSourceFilename>8d9135006e0d654c2daef5f4a56aefacbf693b27.API35.c</metaSourceFilename>
            </source>
        </sourceFileList>
    </source>
</sparrow>

