<?xml version="1.0" encoding="utf-8"?>
<sparrow>
    <source compiler="gcc" workPath="/home/kskyj/sparrow4/util/testcode/c" sourcePath="/home/kskyj/sparrow4/util/testcode/c/BAD_INTEGER_CONST_DEFINITION.c">
        <orgPrepFilename>67.BAD_INTEGER_CONST_DEFINITION.c.i</orgPrepFilename>
        <newPrepFilename>51a59d283849babf908fe25123552f5628d1dc45.BAD_INTEGER_CONST_DEFINITION.c.i</newPrepFilename>
        <orgMetaSourceFilename>67.BAD_INTEGER_CONST_DEFINITION.c</orgMetaSourceFilename>
        <newMetaSourceFilename>277d3624cc044f06cc876976fdaf8d08e01bd05e.BAD_INTEGER_CONST_DEFINITION.c</newMetaSourceFilename>
        <compileOption text="-c BAD_INTEGER_CONST_DEFINITION.c" />
        <sourceFileList>
            <source systemHeader="false" userHeader="false">
                <sourcePath>/home/kskyj/sparrow4/util/testcode/c/BAD_INTEGER_CONST_DEFINITION.c</sourcePath>
                <metaSourceFilename>277d3624cc044f06cc876976fdaf8d08e01bd05e.BAD_INTEGER_CONST_DEFINITION.c</metaSourceFilename>
            </source>
        </sourceFileList>
    </source>
</sparrow>

