<?xml version="1.0" encoding="utf-8"?>
<sparrow>
    <source compiler="gcc" workPath="/home/kskyj/sparrow4/util/testcode/c" sourcePath="/home/kskyj/sparrow4/util/testcode/c/BAD_CALL.FORBIDDEN.LIB.RESOURCE.c">
        <orgPrepFilename>33.BAD_CALL.FORBIDDEN.LIB.RESOURCE.c.i</orgPrepFilename>
        <newPrepFilename>54ae2822ee086f96542f6faf2d6ea27c1664a03a.BAD_CALL.FORBIDDEN.LIB.RESOURCE.c.i</newPrepFilename>
        <orgMetaSourceFilename>33.BAD_CALL.FORBIDDEN.LIB.RESOURCE.c</orgMetaSourceFilename>
        <newMetaSourceFilename>d53ff91425213d3316e10c75dc10f142417273db.BAD_CALL.FORBIDDEN.LIB.RESOURCE.c</newMetaSourceFilename>
        <compileOption text="-c BAD_CALL.FORBIDDEN.LIB.RESOURCE.c" />
        <sourceFileList>
            <source systemHeader="false" userHeader="false">
                <sourcePath>/home/kskyj/sparrow4/util/testcode/c/BAD_CALL.FORBIDDEN.LIB.RESOURCE.c</sourcePath>
                <metaSourceFilename>d53ff91425213d3316e10c75dc10f142417273db.BAD_CALL.FORBIDDEN.LIB.RESOURCE.c</metaSourceFilename>
            </source>
        </sourceFileList>
    </source>
</sparrow>

