<?xml version="1.0" encoding="utf-8"?>
<sparrow>
    <source compiler="gcc" workPath="/home/kskyj/sparrow4/util/testcode/c" sourcePath="/home/kskyj/sparrow4/util/testcode/c/BAD_MACRO.MULTI_STMT_WITHOUT_DO_WHILE.c">
        <orgPrepFilename>70.BAD_MACRO.MULTI_STMT_WITHOUT_DO_WHILE.c.i</orgPrepFilename>
        <newPrepFilename>58e920518236f799ac2cc404a5f04a8a5b0972a5.BAD_MACRO.MULTI_STMT_WITHOUT_DO_WHILE.c.i</newPrepFilename>
        <orgMetaSourceFilename>70.BAD_MACRO.MULTI_STMT_WITHOUT_DO_WHILE.c</orgMetaSourceFilename>
        <newMetaSourceFilename>d89cc60508c3ae22c2b301a5c32a49b2f052044f.BAD_MACRO.MULTI_STMT_WITHOUT_DO_WHILE.c</newMetaSourceFilename>
        <compileOption text="-c BAD_MACRO.MULTI_STMT_WITHOUT_DO_WHILE.c" />
        <sourceFileList>
            <source systemHeader="false" userHeader="false">
                <sourcePath>/home/kskyj/sparrow4/util/testcode/c/BAD_MACRO.MULTI_STMT_WITHOUT_DO_WHILE.c</sourcePath>
                <metaSourceFilename>d89cc60508c3ae22c2b301a5c32a49b2f052044f.BAD_MACRO.MULTI_STMT_WITHOUT_DO_WHILE.c</metaSourceFilename>
            </source>
        </sourceFileList>
    </source>
</sparrow>

