<?xml version="1.0" encoding="utf-8"?>
<sparrow>
    <source compiler="gcc" workPath="/home/kskyj/sparrow4/util/testcode/c" sourcePath="/home/kskyj/sparrow4/util/testcode/c/MISSING_WRAPPER_ON_VARIABLE.c">
        <orgPrepFilename>130.MISSING_WRAPPER_ON_VARIABLE.c.i</orgPrepFilename>
        <newPrepFilename>5bdc391d714c4e2263ea3cba16ca63adb12e6309.MISSING_WRAPPER_ON_VARIABLE.c.i</newPrepFilename>
        <orgMetaSourceFilename>130.MISSING_WRAPPER_ON_VARIABLE.c</orgMetaSourceFilename>
        <newMetaSourceFilename>cb71aa353ed00bc1163d06bb72f983603d860da5.MISSING_WRAPPER_ON_VARIABLE.c</newMetaSourceFilename>
        <compileOption text="-c MISSING_WRAPPER_ON_VARIABLE.c" />
        <sourceFileList>
            <source systemHeader="false" userHeader="false">
                <sourcePath>/home/kskyj/sparrow4/util/testcode/c/MISSING_WRAPPER_ON_VARIABLE.c</sourcePath>
                <metaSourceFilename>cb71aa353ed00bc1163d06bb72f983603d860da5.MISSING_WRAPPER_ON_VARIABLE.c</metaSourceFilename>
            </source>
        </sourceFileList>
    </source>
</sparrow>

