<?xml version="1.0" encoding="utf-8"?>
<sparrow>
    <source compiler="gcc" workPath="/home/kskyj/sparrow4/util/testcode/c" sourcePath="/home/kskyj/sparrow4/util/testcode/c/BAD_PRIVILEGE_RELINQUISHMENT.c">
        <orgPrepFilename>76.BAD_PRIVILEGE_RELINQUISHMENT.c.i</orgPrepFilename>
        <newPrepFilename>5c0ec7bd62ad482982f42e9c04839f6ab50e0446.BAD_PRIVILEGE_RELINQUISHMENT.c.i</newPrepFilename>
        <orgMetaSourceFilename>76.BAD_PRIVILEGE_RELINQUISHMENT.c</orgMetaSourceFilename>
        <newMetaSourceFilename>384a5c2900c89044aac5c2ebbf3a9a7d437a790d.BAD_PRIVILEGE_RELINQUISHMENT.c</newMetaSourceFilename>
        <compileOption text="-c BAD_PRIVILEGE_RELINQUISHMENT.c" />
        <sourceFileList>
            <source systemHeader="false" userHeader="false">
                <sourcePath>/home/kskyj/sparrow4/util/testcode/c/BAD_PRIVILEGE_RELINQUISHMENT.c</sourcePath>
                <metaSourceFilename>384a5c2900c89044aac5c2ebbf3a9a7d437a790d.BAD_PRIVILEGE_RELINQUISHMENT.c</metaSourceFilename>
            </source>
        </sourceFileList>
    </source>
</sparrow>

