<?xml version="1.0" encoding="utf-8"?>
<sparrow>
    <source compiler="gcc" workPath="/home/kskyj/sparrow4/util/testcode/c" sourcePath="/home/kskyj/sparrow4/util/testcode/c/INCONSISTENT_GLOBAL_VARIABLE_TYPE.c">
        <orgPrepFilename>105.INCONSISTENT_GLOBAL_VARIABLE_TYPE.c.i</orgPrepFilename>
        <newPrepFilename>5c1f61b5c6d712090338b99f4368411018f2f789.INCONSISTENT_GLOBAL_VARIABLE_TYPE.c.i</newPrepFilename>
        <orgMetaSourceFilename>105.INCONSISTENT_GLOBAL_VARIABLE_TYPE.c</orgMetaSourceFilename>
        <newMetaSourceFilename>327d428a603798db090afef488d845c526c26989.INCONSISTENT_GLOBAL_VARIABLE_TYPE.c</newMetaSourceFilename>
        <compileOption text="-c INCONSISTENT_GLOBAL_VARIABLE_TYPE.c" />
        <sourceFileList>
            <source systemHeader="false" userHeader="false">
                <sourcePath>/home/kskyj/sparrow4/util/testcode/c/INCONSISTENT_GLOBAL_VARIABLE_TYPE.c</sourcePath>
                <metaSourceFilename>327d428a603798db090afef488d845c526c26989.INCONSISTENT_GLOBAL_VARIABLE_TYPE.c</metaSourceFilename>
            </source>
        </sourceFileList>
    </source>
</sparrow>

