<?xml version="1.0" encoding="utf-8"?>
<sparrow>
    <source compiler="gcc" workPath="/home/kskyj/sparrow4/util/testcode/c" sourcePath="/home/kskyj/sparrow4/util/testcode/c/BAD_CALL.FORBIDDEN.PARAM.STRING.c">
        <orgPrepFilename>41.BAD_CALL.FORBIDDEN.PARAM.STRING.c.i</orgPrepFilename>
        <newPrepFilename>5c6bc5c85a710efe8d877a739e5587c38d869879.BAD_CALL.FORBIDDEN.PARAM.STRING.c.i</newPrepFilename>
        <orgMetaSourceFilename>41.BAD_CALL.FORBIDDEN.PARAM.STRING.c</orgMetaSourceFilename>
        <newMetaSourceFilename>86803c6690b205cb3b086b982c7851091ed84585.BAD_CALL.FORBIDDEN.PARAM.STRING.c</newMetaSourceFilename>
        <compileOption text="-c BAD_CALL.FORBIDDEN.PARAM.STRING.c" />
        <sourceFileList>
            <source systemHeader="false" userHeader="false">
                <sourcePath>/home/kskyj/sparrow4/util/testcode/c/BAD_CALL.FORBIDDEN.PARAM.STRING.c</sourcePath>
                <metaSourceFilename>86803c6690b205cb3b086b982c7851091ed84585.BAD_CALL.FORBIDDEN.PARAM.STRING.c</metaSourceFilename>
            </source>
        </sourceFileList>
    </source>
</sparrow>

