<?xml version="1.0" encoding="utf-8"?>
<sparrow>
    <source compiler="gcc" workPath="/home/kskyj/sparrow4/util/testcode/c" sourcePath="/home/kskyj/sparrow4/util/testcode/c/MIS18.c">
        <orgPrepFilename>123.MIS18.c.i</orgPrepFilename>
        <newPrepFilename>5eb7e94370c6b0ed3b023ed8fbb66a38289920d6.MIS18.c.i</newPrepFilename>
        <orgMetaSourceFilename>123.MIS18.c</orgMetaSourceFilename>
        <newMetaSourceFilename>dd99fa0fcf3f05d8fb0717b6282c32c7a71a172e.MIS18.c</newMetaSourceFilename>
        <compileOption text="-c MIS18.c" />
        <sourceFileList>
            <source systemHeader="false" userHeader="false">
                <sourcePath>/home/kskyj/sparrow4/util/testcode/c/MIS18.c</sourcePath>
                <metaSourceFilename>dd99fa0fcf3f05d8fb0717b6282c32c7a71a172e.MIS18.c</metaSourceFilename>
            </source>
        </sourceFileList>
    </source>
</sparrow>

