<?xml version="1.0" encoding="utf-8"?>
<sparrow>
    <source compiler="gcc" workPath="/home/kskyj/sparrow4/util/testcode/c" sourcePath="/home/kskyj/sparrow4/util/testcode/c/API28.c">
        <orgPrepFilename>8.API28.c.i</orgPrepFilename>
        <newPrepFilename>5f47cdf1f7e4094a5255419fe9410b1e889e1f51.API28.c.i</newPrepFilename>
        <orgMetaSourceFilename>8.API28.c</orgMetaSourceFilename>
        <newMetaSourceFilename>c85a59b2a1f9e2da094d48702ea5f2bcae09b122.API28.c</newMetaSourceFilename>
        <compileOption text="-c API28.c" />
        <sourceFileList>
            <source systemHeader="false" userHeader="false">
                <sourcePath>/home/kskyj/sparrow4/util/testcode/c/API28.c</sourcePath>
                <metaSourceFilename>c85a59b2a1f9e2da094d48702ea5f2bcae09b122.API28.c</metaSourceFilename>
            </source>
        </sourceFileList>
    </source>
</sparrow>

