<?xml version="1.0" encoding="utf-8"?>
<sparrow>
    <source compiler="gcc" workPath="/home/kskyj/sparrow4/util/testcode/c" sourcePath="/home/kskyj/sparrow4/util/testcode/c/MIS20.c">
        <orgPrepFilename>125.MIS20.c.i</orgPrepFilename>
        <newPrepFilename>61dac8cb97dfd0c79892203dfc62a1121539a08b.MIS20.c.i</newPrepFilename>
        <orgMetaSourceFilename>125.MIS20.c</orgMetaSourceFilename>
        <newMetaSourceFilename>12fe6c873bba409fb6d0d79d4e896478b68d5657.MIS20.c</newMetaSourceFilename>
        <compileOption text="-c MIS20.c" />
        <sourceFileList>
            <source systemHeader="false" userHeader="false">
                <sourcePath>/home/kskyj/sparrow4/util/testcode/c/MIS20.c</sourcePath>
                <metaSourceFilename>12fe6c873bba409fb6d0d79d4e896478b68d5657.MIS20.c</metaSourceFilename>
            </source>
        </sourceFileList>
    </source>
</sparrow>

