<?xml version="1.0" encoding="utf-8"?>
<sparrow>
    <source compiler="gcc" workPath="/home/kskyj/sparrow4/util/testcode/c" sourcePath="/home/kskyj/sparrow4/util/testcode/c/API30.c">
        <orgPrepFilename>10.API30.c.i</orgPrepFilename>
        <newPrepFilename>6396027ddb3a423f2fba630424dcba8d01295a64.API30.c.i</newPrepFilename>
        <orgMetaSourceFilename>10.API30.c</orgMetaSourceFilename>
        <newMetaSourceFilename>94ddbdf87294b5ab96d6af444306da1b880497a7.API30.c</newMetaSourceFilename>
        <compileOption text="-c API30.c" />
        <sourceFileList>
            <source systemHeader="false" userHeader="false">
                <sourcePath>/home/kskyj/sparrow4/util/testcode/c/API30.c</sourcePath>
                <metaSourceFilename>94ddbdf87294b5ab96d6af444306da1b880497a7.API30.c</metaSourceFilename>
            </source>
        </sourceFileList>
    </source>
</sparrow>

