<?xml version="1.0" encoding="utf-8"?>
<sparrow>
    <source compiler="gcc" workPath="/home/kskyj/sparrow4/util/testcode/c" sourcePath="/home/kskyj/sparrow4/util/testcode/c/FUNCTION_DEFINITION_TYPE_MISMATCH.c">
        <orgPrepFilename>102.FUNCTION_DEFINITION_TYPE_MISMATCH.c.i</orgPrepFilename>
        <newPrepFilename>647f8d69dad7a1488df5be1c0d297a3a03ebb287.FUNCTION_DEFINITION_TYPE_MISMATCH.c.i</newPrepFilename>
        <orgMetaSourceFilename>102.FUNCTION_DEFINITION_TYPE_MISMATCH.c</orgMetaSourceFilename>
        <newMetaSourceFilename>3a6887866b11318f3a6a27b7fd26f3a5866b2b1b.FUNCTION_DEFINITION_TYPE_MISMATCH.c</newMetaSourceFilename>
        <compileOption text="-c FUNCTION_DEFINITION_TYPE_MISMATCH.c" />
        <sourceFileList>
            <source systemHeader="false" userHeader="false">
                <sourcePath>/home/kskyj/sparrow4/util/testcode/c/FUNCTION_DEFINITION_TYPE_MISMATCH.c</sourcePath>
                <metaSourceFilename>3a6887866b11318f3a6a27b7fd26f3a5866b2b1b.FUNCTION_DEFINITION_TYPE_MISMATCH.c</metaSourceFilename>
            </source>
        </sourceFileList>
    </source>
</sparrow>

