<?xml version="1.0" encoding="utf-8"?>
<sparrow>
    <source compiler="gcc" workPath="/home/kskyj/sparrow4/util/testcode/c" sourcePath="/home/kskyj/sparrow4/util/testcode/c/API45.c">
        <orgPrepFilename>25.API45.c.i</orgPrepFilename>
        <newPrepFilename>649da37cf093a941a3f8c49b1e015c0c65829691.API45.c.i</newPrepFilename>
        <orgMetaSourceFilename>25.API45.c</orgMetaSourceFilename>
        <newMetaSourceFilename>f04fd93698ca6f5b59d8f7069802b28ad799b6d8.API45.c</newMetaSourceFilename>
        <compileOption text="-c API45.c" />
        <sourceFileList>
            <source systemHeader="false" userHeader="false">
                <sourcePath>/home/kskyj/sparrow4/util/testcode/c/API45.c</sourcePath>
                <metaSourceFilename>f04fd93698ca6f5b59d8f7069802b28ad799b6d8.API45.c</metaSourceFilename>
            </source>
        </sourceFileList>
    </source>
</sparrow>

