<?xml version="1.0" encoding="utf-8"?>
<sparrow>
    <source compiler="gcc" workPath="/home/kskyj/sparrow4/util/testcode/c" sourcePath="/home/kskyj/sparrow4/util/testcode/c/API43.c">
        <orgPrepFilename>23.API43.c.i</orgPrepFilename>
        <newPrepFilename>66a15ddf62dfe6204fbcc0fc0e6ab319d80dde9b.API43.c.i</newPrepFilename>
        <orgMetaSourceFilename>23.API43.c</orgMetaSourceFilename>
        <newMetaSourceFilename>e2235fd985fd69ae4a24275d8c29f3a00fa6f4b4.API43.c</newMetaSourceFilename>
        <compileOption text="-c API43.c" />
        <sourceFileList>
            <source systemHeader="false" userHeader="false">
                <sourcePath>/home/kskyj/sparrow4/util/testcode/c/API43.c</sourcePath>
                <metaSourceFilename>e2235fd985fd69ae4a24275d8c29f3a00fa6f4b4.API43.c</metaSourceFilename>
            </source>
        </sourceFileList>
    </source>
</sparrow>

