<?xml version="1.0" encoding="utf-8"?>
<sparrow>
    <source compiler="gcc" workPath="/home/kskyj/sparrow4/util/testcode/c" sourcePath="/home/kskyj/sparrow4/util/testcode/c/API23.c">
        <orgPrepFilename>4.API23.c.i</orgPrepFilename>
        <newPrepFilename>6b507efeb026bda78398d2481b26cb238c503fab.API23.c.i</newPrepFilename>
        <orgMetaSourceFilename>4.API23.c</orgMetaSourceFilename>
        <newMetaSourceFilename>57d973b7abfb464d5bbc78d532d37c2cfcc3545f.API23.c</newMetaSourceFilename>
        <compileOption text="-c API23.c" />
        <sourceFileList>
            <source systemHeader="false" userHeader="false">
                <sourcePath>/home/kskyj/sparrow4/util/testcode/c/API23.c</sourcePath>
                <metaSourceFilename>57d973b7abfb464d5bbc78d532d37c2cfcc3545f.API23.c</metaSourceFilename>
            </source>
        </sourceFileList>
    </source>
</sparrow>

