<?xml version="1.0" encoding="utf-8"?>
<sparrow>
    <source compiler="gcc" workPath="/home/kskyj/sparrow4/util/testcode/c" sourcePath="/home/kskyj/sparrow4/util/testcode/c/BAD_CALL.REQUIRED.c">
        <orgPrepFilename>57.BAD_CALL.REQUIRED.c.i</orgPrepFilename>
        <newPrepFilename>6d8e8a4ed8e0698f988dcfb8407ac15970ab927e.BAD_CALL.REQUIRED.c.i</newPrepFilename>
        <orgMetaSourceFilename>57.BAD_CALL.REQUIRED.c</orgMetaSourceFilename>
        <newMetaSourceFilename>05a1b2c41829718d5190527a43a334b54573910b.BAD_CALL.REQUIRED.c</newMetaSourceFilename>
        <compileOption text="-c BAD_CALL.REQUIRED.c" />
        <sourceFileList>
            <source systemHeader="false" userHeader="false">
                <sourcePath>/home/kskyj/sparrow4/util/testcode/c/BAD_CALL.REQUIRED.c</sourcePath>
                <metaSourceFilename>05a1b2c41829718d5190527a43a334b54573910b.BAD_CALL.REQUIRED.c</metaSourceFilename>
            </source>
        </sourceFileList>
    </source>
</sparrow>

