<?xml version="1.0" encoding="utf-8"?>
<sparrow>
    <source compiler="gcc" workPath="/home/kskyj/sparrow4/util/testcode/c" sourcePath="/home/kskyj/sparrow4/util/testcode/c/BAD_STRUCT_MEMBER_ACCESS.c">
        <orgPrepFilename>81.BAD_STRUCT_MEMBER_ACCESS.c.i</orgPrepFilename>
        <newPrepFilename>742032980ba9578e1dd86dc442e3c9a5fb50a411.BAD_STRUCT_MEMBER_ACCESS.c.i</newPrepFilename>
        <orgMetaSourceFilename>81.BAD_STRUCT_MEMBER_ACCESS.c</orgMetaSourceFilename>
        <newMetaSourceFilename>748710d1f49ce858ea2a7846e8380af866230841.BAD_STRUCT_MEMBER_ACCESS.c</newMetaSourceFilename>
        <compileOption text="-c BAD_STRUCT_MEMBER_ACCESS.c" />
        <sourceFileList>
            <source systemHeader="false" userHeader="false">
                <sourcePath>/home/kskyj/sparrow4/util/testcode/c/BAD_STRUCT_MEMBER_ACCESS.c</sourcePath>
                <metaSourceFilename>748710d1f49ce858ea2a7846e8380af866230841.BAD_STRUCT_MEMBER_ACCESS.c</metaSourceFilename>
            </source>
        </sourceFileList>
    </source>
</sparrow>

