<?xml version="1.0" encoding="utf-8"?>
<sparrow>
    <source compiler="gcc" workPath="/home/kskyj/sparrow4/util/testcode/c" sourcePath="/home/kskyj/sparrow4/util/testcode/c/BAD_CALL.REQUIRED.ARGS.c">
        <orgPrepFilename>51.BAD_CALL.REQUIRED.ARGS.c.i</orgPrepFilename>
        <newPrepFilename>74e09bcd6e260e3eec8482d8397eb969ce2e15a9.BAD_CALL.REQUIRED.ARGS.c.i</newPrepFilename>
        <orgMetaSourceFilename>51.BAD_CALL.REQUIRED.ARGS.c</orgMetaSourceFilename>
        <newMetaSourceFilename>b06877b269e38bc7781adc5291d63a0fddfac43b.BAD_CALL.REQUIRED.ARGS.c</newMetaSourceFilename>
        <compileOption text="-c BAD_CALL.REQUIRED.ARGS.c" />
        <sourceFileList>
            <source systemHeader="false" userHeader="false">
                <sourcePath>/home/kskyj/sparrow4/util/testcode/c/BAD_CALL.REQUIRED.ARGS.c</sourcePath>
                <metaSourceFilename>b06877b269e38bc7781adc5291d63a0fddfac43b.BAD_CALL.REQUIRED.ARGS.c</metaSourceFilename>
            </source>
        </sourceFileList>
    </source>
</sparrow>

