<?xml version="1.0" encoding="utf-8"?>
<sparrow>
    <source compiler="gcc" workPath="/home/kskyj/sparrow4/util/testcode/c" sourcePath="/home/kskyj/sparrow4/util/testcode/c/PREMATURE_THREAD_TERMINATION.c">
        <orgPrepFilename>139.PREMATURE_THREAD_TERMINATION.c.i</orgPrepFilename>
        <newPrepFilename>760bd10a2cf4fa0bb443ccda9ff5fa2045370cad.PREMATURE_THREAD_TERMINATION.c.i</newPrepFilename>
        <orgMetaSourceFilename>139.PREMATURE_THREAD_TERMINATION.c</orgMetaSourceFilename>
        <newMetaSourceFilename>f9c3c4791797701e57c396db7f0e78d81d3a3e6a.PREMATURE_THREAD_TERMINATION.c</newMetaSourceFilename>
        <compileOption text="-c PREMATURE_THREAD_TERMINATION.c" />
        <sourceFileList>
            <source systemHeader="false" userHeader="false">
                <sourcePath>/home/kskyj/sparrow4/util/testcode/c/PREMATURE_THREAD_TERMINATION.c</sourcePath>
                <metaSourceFilename>f9c3c4791797701e57c396db7f0e78d81d3a3e6a.PREMATURE_THREAD_TERMINATION.c</metaSourceFilename>
            </source>
        </sourceFileList>
    </source>
</sparrow>

