<?xml version="1.0" encoding="utf-8"?>
<sparrow>
    <source compiler="gcc" workPath="/home/kskyj/sparrow4/util/testcode/c" sourcePath="/home/kskyj/sparrow4/util/testcode/c/MSC17.c">
        <orgPrepFilename>131.MSC17.c.i</orgPrepFilename>
        <newPrepFilename>778f33f9b7619d829b4066717c21399bdf019829.MSC17.c.i</newPrepFilename>
        <orgMetaSourceFilename>131.MSC17.c</orgMetaSourceFilename>
        <newMetaSourceFilename>5a137faa35d387b706eac3e2e4ec80308d0957eb.MSC17.c</newMetaSourceFilename>
        <compileOption text="-c MSC17.c" />
        <sourceFileList>
            <source systemHeader="false" userHeader="false">
                <sourcePath>/home/kskyj/sparrow4/util/testcode/c/MSC17.c</sourcePath>
                <metaSourceFilename>5a137faa35d387b706eac3e2e4ec80308d0957eb.MSC17.c</metaSourceFilename>
            </source>
        </sourceFileList>
    </source>
</sparrow>

