<?xml version="1.0" encoding="utf-8"?>
<sparrow>
    <source compiler="gcc" workPath="/home/kskyj/sparrow4/util/testcode/c" sourcePath="/home/kskyj/sparrow4/util/testcode/c/MIS11.c">
        <orgPrepFilename>118.MIS11.c.i</orgPrepFilename>
        <newPrepFilename>798f0eecbb70a61ae67e351ceff38d38a3830235.MIS11.c.i</newPrepFilename>
        <orgMetaSourceFilename>118.MIS11.c</orgMetaSourceFilename>
        <newMetaSourceFilename>929d08ad56a64beaf29457113200f1bb70e580b5.MIS11.c</newMetaSourceFilename>
        <compileOption text="-c MIS11.c" />
        <sourceFileList>
            <source systemHeader="false" userHeader="false">
                <sourcePath>/home/kskyj/sparrow4/util/testcode/c/MIS11.c</sourcePath>
                <metaSourceFilename>929d08ad56a64beaf29457113200f1bb70e580b5.MIS11.c</metaSourceFilename>
            </source>
        </sourceFileList>
    </source>
</sparrow>

