<?xml version="1.0" encoding="utf-8"?>
<sparrow>
    <source compiler="gcc" workPath="/home/kskyj/sparrow4/util/testcode/c" sourcePath="/home/kskyj/sparrow4/util/testcode/c/MIS21.c">
        <orgPrepFilename>126.MIS21.c.i</orgPrepFilename>
        <newPrepFilename>7ab2a7356c3ecf930785d9fd063725a6ede833df.MIS21.c.i</newPrepFilename>
        <orgMetaSourceFilename>126.MIS21.c</orgMetaSourceFilename>
        <newMetaSourceFilename>6e29ae152db39633f027e545cc6dc073032fe481.MIS21.c</newMetaSourceFilename>
        <compileOption text="-c MIS21.c" />
        <sourceFileList>
            <source systemHeader="false" userHeader="false">
                <sourcePath>/home/kskyj/sparrow4/util/testcode/c/MIS21.c</sourcePath>
                <metaSourceFilename>6e29ae152db39633f027e545cc6dc073032fe481.MIS21.c</metaSourceFilename>
            </source>
        </sourceFileList>
    </source>
</sparrow>

