<?xml version="1.0" encoding="utf-8"?>
<sparrow>
    <source compiler="gcc" workPath="/home/kskyj/sparrow4/util/testcode/c" sourcePath="/home/kskyj/sparrow4/util/testcode/c/WEAK_ENCRYPTION.PASSWORD.c">
        <orgPrepFilename>156.WEAK_ENCRYPTION.PASSWORD.c.i</orgPrepFilename>
        <newPrepFilename>7e3fd47a7913e874d3c470b23122bebff2077c4b.WEAK_ENCRYPTION.PASSWORD.c.i</newPrepFilename>
        <orgMetaSourceFilename>156.WEAK_ENCRYPTION.PASSWORD.c</orgMetaSourceFilename>
        <newMetaSourceFilename>cf08979ae09f35d83c34359e833305e0a277189d.WEAK_ENCRYPTION.PASSWORD.c</newMetaSourceFilename>
        <compileOption text="-c WEAK_ENCRYPTION.PASSWORD.c" />
        <sourceFileList>
            <source systemHeader="false" userHeader="false">
                <sourcePath>/home/kskyj/sparrow4/util/testcode/c/WEAK_ENCRYPTION.PASSWORD.c</sourcePath>
                <metaSourceFilename>cf08979ae09f35d83c34359e833305e0a277189d.WEAK_ENCRYPTION.PASSWORD.c</metaSourceFilename>
            </source>
            <source systemHeader="false" userHeader="true">
                <sourcePath>/usr/include/bits/predefs.h</sourcePath>
                <metaSourceFilename>7ea671a521e38b2f5af51c681e2e2e3653f416ac.predefs.h</metaSourceFilename>
            </source>
            <source systemHeader="false" userHeader="true">
                <sourcePath>/usr/include/bits/wordsize.h</sourcePath>
                <metaSourceFilename>fbbcf87cba8973c2d6f1116bef307b6f116ff995.wordsize.h</metaSourceFilename>
            </source>
            <source systemHeader="false" userHeader="true">
                <sourcePath>/usr/include/features.h</sourcePath>
                <metaSourceFilename>22e5b6e4f4c1e8561021d24ecf1c69833d4b6e56.features.h</metaSourceFilename>
                <smap headerFilename="bits/predefs.h" metaHeaderFilename="7ea671a521e38b2f5af51c681e2e2e3653f416ac.predefs.h" line="313" />
                <smap headerFilename="sys/cdefs.h" metaHeaderFilename="45ce76d4bc0806113f292a8591ac3966b27681d8.cdefs.h" line="346" />
                <smap headerFilename="gnu/stubs.h" metaHeaderFilename="549e6828d2f4d522686bd8e90b87740c41eb1c42.stubs.h" line="378" />
            </source>
            <source systemHeader="false" userHeader="true">
                <sourcePath>/usr/include/gnu/stubs-32.h</sourcePath>
                <metaSourceFilename>f2493274bc2c537b27c68b8fad51173d1fbea61e.stubs-32.h</metaSourceFilename>
            </source>
            <source systemHeader="false" userHeader="true">
                <sourcePath>/usr/include/gnu/stubs.h</sourcePath>
                <metaSourceFilename>549e6828d2f4d522686bd8e90b87740c41eb1c42.stubs.h</metaSourceFilename>
            </source>
            <source systemHeader="false" userHeader="true">
                <sourcePath>/usr/include/string.h</sourcePath>
                <metaSourceFilename>8e519452f7126a3214a9ee1b7dc6c7623d57b76d.string.h</metaSourceFilename>
                <smap headerFilename="features.h" metaHeaderFilename="22e5b6e4f4c1e8561021d24ecf1c69833d4b6e56.features.h" line="26" />
                <smap headerFilename="xlocale.h" metaHeaderFilename="689a70fa87e171b51951a7f0acbb1bca07921557.xlocale.h" line="161" />
            </source>
            <source systemHeader="false" userHeader="true">
                <sourcePath>/usr/include/sys/cdefs.h</sourcePath>
                <metaSourceFilename>45ce76d4bc0806113f292a8591ac3966b27681d8.cdefs.h</metaSourceFilename>
            </source>
            <source systemHeader="false" userHeader="true">
                <sourcePath>/usr/include/xlocale.h</sourcePath>
                <metaSourceFilename>689a70fa87e171b51951a7f0acbb1bca07921557.xlocale.h</metaSourceFilename>
            </source>
            <source systemHeader="false" userHeader="true">
                <sourcePath>/usr/local/lib/gcc/i686-pc-linux-gnu/4.5.3/include/stddef.h</sourcePath>
                <metaSourceFilename>6b9fe4bb4a6ddad1f2c7a3485c7cebad0e5d9f29.stddef.h</metaSourceFilename>
            </source>
        </sourceFileList>
    </source>
</sparrow>

