<?xml version="1.0" encoding="utf-8"?>
<sparrow>
    <source compiler="gcc" workPath="/home/kskyj/sparrow4/util/testcode/c" sourcePath="/home/kskyj/sparrow4/util/testcode/c/API38.c">
        <orgPrepFilename>18.API38.c.i</orgPrepFilename>
        <newPrepFilename>7eb63676aab5e8aedf3d0293c78d157480ac3c0a.API38.c.i</newPrepFilename>
        <orgMetaSourceFilename>18.API38.c</orgMetaSourceFilename>
        <newMetaSourceFilename>d7b04fa315bbf89414c44584b8bb56419cb19c66.API38.c</newMetaSourceFilename>
        <compileOption text="-c API38.c" />
        <sourceFileList>
            <source systemHeader="false" userHeader="false">
                <sourcePath>/home/kskyj/sparrow4/util/testcode/c/API38.c</sourcePath>
                <metaSourceFilename>d7b04fa315bbf89414c44584b8bb56419cb19c66.API38.c</metaSourceFilename>
            </source>
        </sourceFileList>
    </source>
</sparrow>

