<?xml version="1.0" encoding="utf-8"?>
<sparrow>
    <source compiler="gcc" workPath="/home/kskyj/sparrow4/util/testcode/c" sourcePath="/home/kskyj/sparrow4/util/testcode/c/DO_NOT_USE_SIZEOF_ON_PTR.c">
        <orgPrepFilename>90.DO_NOT_USE_SIZEOF_ON_PTR.c.i</orgPrepFilename>
        <newPrepFilename>7f14fd0557c74b6bdda2b70d189cf6f6be204ebe.DO_NOT_USE_SIZEOF_ON_PTR.c.i</newPrepFilename>
        <orgMetaSourceFilename>90.DO_NOT_USE_SIZEOF_ON_PTR.c</orgMetaSourceFilename>
        <newMetaSourceFilename>4b2ce923be2fc61de95a24c880e8dcdd68b35e34.DO_NOT_USE_SIZEOF_ON_PTR.c</newMetaSourceFilename>
        <compileOption text="-c DO_NOT_USE_SIZEOF_ON_PTR.c" />
        <sourceFileList>
            <source systemHeader="false" userHeader="false">
                <sourcePath>/home/kskyj/sparrow4/util/testcode/c/DO_NOT_USE_SIZEOF_ON_PTR.c</sourcePath>
                <metaSourceFilename>4b2ce923be2fc61de95a24c880e8dcdd68b35e34.DO_NOT_USE_SIZEOF_ON_PTR.c</metaSourceFilename>
            </source>
        </sourceFileList>
    </source>
</sparrow>

