<?xml version="1.0" encoding="utf-8"?>
<sparrow>
    <source compiler="gcc" workPath="/home/kskyj/sparrow4/util/testcode/c" sourcePath="/home/kskyj/sparrow4/util/testcode/c/WEAK_ENCRYPTION.RSA_PADDING.c">
        <orgPrepFilename>158.WEAK_ENCRYPTION.RSA_PADDING.c.i</orgPrepFilename>
        <newPrepFilename>8036644f0d680b65a461d0e2423409932ea05095.WEAK_ENCRYPTION.RSA_PADDING.c.i</newPrepFilename>
        <orgMetaSourceFilename>158.WEAK_ENCRYPTION.RSA_PADDING.c</orgMetaSourceFilename>
        <newMetaSourceFilename>9218ee427ac39f14bfc68964090041f21f6be654.WEAK_ENCRYPTION.RSA_PADDING.c</newMetaSourceFilename>
        <compileOption text="-c WEAK_ENCRYPTION.RSA_PADDING.c" />
        <sourceFileList>
            <source systemHeader="false" userHeader="false">
                <sourcePath>/home/kskyj/sparrow4/util/testcode/c/WEAK_ENCRYPTION.RSA_PADDING.c</sourcePath>
                <metaSourceFilename>9218ee427ac39f14bfc68964090041f21f6be654.WEAK_ENCRYPTION.RSA_PADDING.c</metaSourceFilename>
            </source>
        </sourceFileList>
    </source>
</sparrow>

