<?xml version="1.0" encoding="utf-8"?>
<sparrow>
    <source compiler="gcc" workPath="/home/kskyj/sparrow4/util/testcode/c" sourcePath="/home/kskyj/sparrow4/util/testcode/c/BAD_CALL.REQUIRED.WRAPPER.c">
        <orgPrepFilename>56.BAD_CALL.REQUIRED.WRAPPER.c.i</orgPrepFilename>
        <newPrepFilename>83f96893bcbc7af29776a558a9f245fa64175925.BAD_CALL.REQUIRED.WRAPPER.c.i</newPrepFilename>
        <orgMetaSourceFilename>56.BAD_CALL.REQUIRED.WRAPPER.c</orgMetaSourceFilename>
        <newMetaSourceFilename>d02e24f8d86089e2bbea42558345da3cc5a42813.BAD_CALL.REQUIRED.WRAPPER.c</newMetaSourceFilename>
        <compileOption text="-c BAD_CALL.REQUIRED.WRAPPER.c" />
        <sourceFileList>
            <source systemHeader="false" userHeader="false">
                <sourcePath>/home/kskyj/sparrow4/util/testcode/c/BAD_CALL.REQUIRED.WRAPPER.c</sourcePath>
                <metaSourceFilename>d02e24f8d86089e2bbea42558345da3cc5a42813.BAD_CALL.REQUIRED.WRAPPER.c</metaSourceFilename>
            </source>
        </sourceFileList>
    </source>
</sparrow>

