<?xml version="1.0" encoding="utf-8"?>
<sparrow>
    <source compiler="gcc" workPath="/home/kskyj/sparrow4/util/testcode/c" sourcePath="/home/kskyj/sparrow4/util/testcode/c/API44.c">
        <orgPrepFilename>24.API44.c.i</orgPrepFilename>
        <newPrepFilename>8b670eaf8e4405579afd773b71c9b6a7ecc5e875.API44.c.i</newPrepFilename>
        <orgMetaSourceFilename>24.API44.c</orgMetaSourceFilename>
        <newMetaSourceFilename>0fc05c2a5a054d2e641a94321a388965fe62b300.API44.c</newMetaSourceFilename>
        <compileOption text="-c API44.c" />
        <sourceFileList>
            <source systemHeader="false" userHeader="false">
                <sourcePath>/home/kskyj/sparrow4/util/testcode/c/API44.c</sourcePath>
                <metaSourceFilename>0fc05c2a5a054d2e641a94321a388965fe62b300.API44.c</metaSourceFilename>
            </source>
        </sourceFileList>
    </source>
</sparrow>

