<?xml version="1.0" encoding="utf-8"?>
<sparrow>
    <source compiler="gcc" workPath="/home/kskyj/sparrow4/util/testcode/c" sourcePath="/home/kskyj/sparrow4/util/testcode/c/API31.c">
        <orgPrepFilename>11.API31.c.i</orgPrepFilename>
        <newPrepFilename>8b9b21d54bad2ab5dd61c0cf2d021401a15026ff.API31.c.i</newPrepFilename>
        <orgMetaSourceFilename>11.API31.c</orgMetaSourceFilename>
        <newMetaSourceFilename>7755dc36c7d2129ead4a323d933d48f55031b577.API31.c</newMetaSourceFilename>
        <compileOption text="-c API31.c" />
        <sourceFileList>
            <source systemHeader="false" userHeader="false">
                <sourcePath>/home/kskyj/sparrow4/util/testcode/c/API31.c</sourcePath>
                <metaSourceFilename>7755dc36c7d2129ead4a323d933d48f55031b577.API31.c</metaSourceFilename>
            </source>
        </sourceFileList>
    </source>
</sparrow>

