<?xml version="1.0" encoding="utf-8"?>
<sparrow>
    <source compiler="gcc" workPath="/home/kskyj/sparrow4/util/testcode/c" sourcePath="/home/kskyj/sparrow4/util/testcode/c/BAD_OPERATOR.LOGICAL_COMPARISON.c">
        <orgPrepFilename>75.BAD_OPERATOR.LOGICAL_COMPARISON.c.i</orgPrepFilename>
        <newPrepFilename>8d52774a6d46e4a00674a883d10cf9b05f2efb64.BAD_OPERATOR.LOGICAL_COMPARISON.c.i</newPrepFilename>
        <orgMetaSourceFilename>75.BAD_OPERATOR.LOGICAL_COMPARISON.c</orgMetaSourceFilename>
        <newMetaSourceFilename>b6e7616ccff328e740f502da33d853c7bfa7d1c7.BAD_OPERATOR.LOGICAL_COMPARISON.c</newMetaSourceFilename>
        <compileOption text="-c BAD_OPERATOR.LOGICAL_COMPARISON.c" />
        <sourceFileList>
            <source systemHeader="false" userHeader="false">
                <sourcePath>/home/kskyj/sparrow4/util/testcode/c/BAD_OPERATOR.LOGICAL_COMPARISON.c</sourcePath>
                <metaSourceFilename>b6e7616ccff328e740f502da33d853c7bfa7d1c7.BAD_OPERATOR.LOGICAL_COMPARISON.c</metaSourceFilename>
            </source>
        </sourceFileList>
    </source>
</sparrow>

