<?xml version="1.0" encoding="utf-8"?>
<sparrow>
    <source compiler="gcc" workPath="/home/kskyj/sparrow4/util/testcode/c" sourcePath="/home/kskyj/sparrow4/util/testcode/c/UNCONTROLLED_RECURSION.c">
        <orgPrepFilename>152.UNCONTROLLED_RECURSION.c.i</orgPrepFilename>
        <newPrepFilename>925604dbb05004be917479c29feb8b54cc7ca53f.UNCONTROLLED_RECURSION.c.i</newPrepFilename>
        <orgMetaSourceFilename>152.UNCONTROLLED_RECURSION.c</orgMetaSourceFilename>
        <newMetaSourceFilename>84928d72e5bc0348e3f84024495338619bce8040.UNCONTROLLED_RECURSION.c</newMetaSourceFilename>
        <compileOption text="-c UNCONTROLLED_RECURSION.c" />
        <sourceFileList>
            <source systemHeader="false" userHeader="false">
                <sourcePath>/home/kskyj/sparrow4/util/testcode/c/UNCONTROLLED_RECURSION.c</sourcePath>
                <metaSourceFilename>84928d72e5bc0348e3f84024495338619bce8040.UNCONTROLLED_RECURSION.c</metaSourceFilename>
            </source>
        </sourceFileList>
    </source>
</sparrow>

