<?xml version="1.0" encoding="utf-8"?>
<sparrow>
    <source compiler="gcc" workPath="/home/kskyj/sparrow4/util/testcode/c" sourcePath="/home/kskyj/sparrow4/util/testcode/c/BAD_CALL.FORBIDDEN.PARAM.NUMBER.c">
        <orgPrepFilename>40.BAD_CALL.FORBIDDEN.PARAM.NUMBER.c.i</orgPrepFilename>
        <newPrepFilename>93171fc7de025cb62cccff72fa5bbbde3a78f8e0.BAD_CALL.FORBIDDEN.PARAM.NUMBER.c.i</newPrepFilename>
        <orgMetaSourceFilename>40.BAD_CALL.FORBIDDEN.PARAM.NUMBER.c</orgMetaSourceFilename>
        <newMetaSourceFilename>3a9be3f1f11aac5d1dd773c19fd9aa125ab855bd.BAD_CALL.FORBIDDEN.PARAM.NUMBER.c</newMetaSourceFilename>
        <compileOption text="-c BAD_CALL.FORBIDDEN.PARAM.NUMBER.c" />
        <sourceFileList>
            <source systemHeader="false" userHeader="false">
                <sourcePath>/home/kskyj/sparrow4/util/testcode/c/BAD_CALL.FORBIDDEN.PARAM.NUMBER.c</sourcePath>
                <metaSourceFilename>3a9be3f1f11aac5d1dd773c19fd9aa125ab855bd.BAD_CALL.FORBIDDEN.PARAM.NUMBER.c</metaSourceFilename>
            </source>
        </sourceFileList>
    </source>
</sparrow>

