<?xml version="1.0" encoding="utf-8"?>
<sparrow>
    <source compiler="gcc" workPath="/home/kskyj/sparrow4/util/testcode/c" sourcePath="/home/kskyj/sparrow4/util/testcode/c/API37.c">
        <orgPrepFilename>17.API37.c.i</orgPrepFilename>
        <newPrepFilename>94f9d81fad898cf857d778ccc19c70bdf16c2bea.API37.c.i</newPrepFilename>
        <orgMetaSourceFilename>17.API37.c</orgMetaSourceFilename>
        <newMetaSourceFilename>41a4c01ed1054b450b0886d5d44911fbc980509a.API37.c</newMetaSourceFilename>
        <compileOption text="-c API37.c" />
        <sourceFileList>
            <source systemHeader="false" userHeader="false">
                <sourcePath>/home/kskyj/sparrow4/util/testcode/c/API37.c</sourcePath>
                <metaSourceFilename>41a4c01ed1054b450b0886d5d44911fbc980509a.API37.c</metaSourceFilename>
            </source>
        </sourceFileList>
    </source>
</sparrow>

