<?xml version="1.0" encoding="utf-8"?>
<sparrow>
    <source compiler="gcc" workPath="/home/kskyj/sparrow4/util/testcode/c" sourcePath="/home/kskyj/sparrow4/util/testcode/c/API20.c">
        <orgPrepFilename>3.API20.c.i</orgPrepFilename>
        <newPrepFilename>980aa88b8edcb4512731cedbb0b5591d049b7b9b.API20.c.i</newPrepFilename>
        <orgMetaSourceFilename>3.API20.c</orgMetaSourceFilename>
        <newMetaSourceFilename>bd6ce69f9a8f4fc2fbc7de0d357670904775a66d.API20.c</newMetaSourceFilename>
        <compileOption text="-c API20.c" />
        <sourceFileList>
            <source systemHeader="false" userHeader="false">
                <sourcePath>/home/kskyj/sparrow4/util/testcode/c/API20.c</sourcePath>
                <metaSourceFilename>bd6ce69f9a8f4fc2fbc7de0d357670904775a66d.API20.c</metaSourceFilename>
            </source>
        </sourceFileList>
    </source>
</sparrow>

