<?xml version="1.0" encoding="utf-8"?>
<sparrow>
    <source compiler="gcc" workPath="/home/kskyj/sparrow4/util/testcode/c" sourcePath="/home/kskyj/sparrow4/util/testcode/c/API48.c">
        <orgPrepFilename>28.API48.c.i</orgPrepFilename>
        <newPrepFilename>9815df601bcc282c10666eadececa8f9e369c132.API48.c.i</newPrepFilename>
        <orgMetaSourceFilename>28.API48.c</orgMetaSourceFilename>
        <newMetaSourceFilename>a53227d447b7e947d5a1b24792bf6540559c2640.API48.c</newMetaSourceFilename>
        <compileOption text="-c API48.c" />
        <sourceFileList>
            <source systemHeader="false" userHeader="false">
                <sourcePath>/home/kskyj/sparrow4/util/testcode/c/API48.c</sourcePath>
                <metaSourceFilename>a53227d447b7e947d5a1b24792bf6540559c2640.API48.c</metaSourceFilename>
            </source>
        </sourceFileList>
    </source>
</sparrow>

