<?xml version="1.0" encoding="utf-8"?>
<sparrow>
    <source compiler="gcc" workPath="/home/kskyj/sparrow4/util/testcode/c" sourcePath="/home/kskyj/sparrow4/util/testcode/c/BAD_MACRO.DANGEROUS_USAGE.c">
        <orgPrepFilename>68.BAD_MACRO.DANGEROUS_USAGE.c.i</orgPrepFilename>
        <newPrepFilename>9eb7df4c192c33e59e7062704fb85656451195c8.BAD_MACRO.DANGEROUS_USAGE.c.i</newPrepFilename>
        <orgMetaSourceFilename>68.BAD_MACRO.DANGEROUS_USAGE.c</orgMetaSourceFilename>
        <newMetaSourceFilename>d9ed04bd3b635c1e96f7b59733a7507b6e812d7f.BAD_MACRO.DANGEROUS_USAGE.c</newMetaSourceFilename>
        <compileOption text="-c BAD_MACRO.DANGEROUS_USAGE.c" />
        <sourceFileList>
            <source systemHeader="false" userHeader="false">
                <sourcePath>/home/kskyj/sparrow4/util/testcode/c/BAD_MACRO.DANGEROUS_USAGE.c</sourcePath>
                <metaSourceFilename>d9ed04bd3b635c1e96f7b59733a7507b6e812d7f.BAD_MACRO.DANGEROUS_USAGE.c</metaSourceFilename>
            </source>
        </sourceFileList>
    </source>
</sparrow>

