<?xml version="1.0" encoding="utf-8"?>
<sparrow>
    <source compiler="gcc" workPath="/home/kskyj/sparrow4/util/testcode/c" sourcePath="/home/kskyj/sparrow4/util/testcode/c/API39.c">
        <orgPrepFilename>19.API39.c.i</orgPrepFilename>
        <newPrepFilename>9fe5ad634288f1e27fc1815fa13ea318d73b6ba5.API39.c.i</newPrepFilename>
        <orgMetaSourceFilename>19.API39.c</orgMetaSourceFilename>
        <newMetaSourceFilename>076775a8a2cec39f8eb17f26f1379bbadfcf88e7.API39.c</newMetaSourceFilename>
        <compileOption text="-c API39.c" />
        <sourceFileList>
            <source systemHeader="false" userHeader="false">
                <sourcePath>/home/kskyj/sparrow4/util/testcode/c/API39.c</sourcePath>
                <metaSourceFilename>076775a8a2cec39f8eb17f26f1379bbadfcf88e7.API39.c</metaSourceFilename>
            </source>
        </sourceFileList>
    </source>
</sparrow>

