<?xml version="1.0" encoding="utf-8"?>
<sparrow>
    <source compiler="gcc" workPath="/home/kskyj/sparrow4/util/testcode/c" sourcePath="/home/kskyj/sparrow4/util/testcode/c/MIS09.c">
        <orgPrepFilename>116.MIS09.c.i</orgPrepFilename>
        <newPrepFilename>a29d9d9061a2f5523b2b3bfe11ae1dd2f6b11191.MIS09.c.i</newPrepFilename>
        <orgMetaSourceFilename>116.MIS09.c</orgMetaSourceFilename>
        <newMetaSourceFilename>bcef9df60879814365c3d52b6aee49a54a3912be.MIS09.c</newMetaSourceFilename>
        <compileOption text="-c MIS09.c" />
        <sourceFileList>
            <source systemHeader="false" userHeader="false">
                <sourcePath>/home/kskyj/sparrow4/util/testcode/c/MIS09.c</sourcePath>
                <metaSourceFilename>bcef9df60879814365c3d52b6aee49a54a3912be.MIS09.c</metaSourceFilename>
            </source>
        </sourceFileList>
    </source>
</sparrow>

