<?xml version="1.0" encoding="utf-8"?>
<sparrow>
    <source compiler="gcc" workPath="/home/kskyj/sparrow4/util/testcode/c" sourcePath="/home/kskyj/sparrow4/util/testcode/c/BAD_CALL.REQUIRED.LIB_CALL.c">
        <orgPrepFilename>52.BAD_CALL.REQUIRED.LIB_CALL.c.i</orgPrepFilename>
        <newPrepFilename>a2eff118f772de75431f276b9c7c583175abb774.BAD_CALL.REQUIRED.LIB_CALL.c.i</newPrepFilename>
        <orgMetaSourceFilename>52.BAD_CALL.REQUIRED.LIB_CALL.c</orgMetaSourceFilename>
        <newMetaSourceFilename>cb74a4f892af06ae877ae832072408e91361ecdf.BAD_CALL.REQUIRED.LIB_CALL.c</newMetaSourceFilename>
        <compileOption text="-c BAD_CALL.REQUIRED.LIB_CALL.c" />
        <sourceFileList>
            <source systemHeader="false" userHeader="false">
                <sourcePath>/home/kskyj/sparrow4/util/testcode/c/BAD_CALL.REQUIRED.LIB_CALL.c</sourcePath>
                <metaSourceFilename>cb74a4f892af06ae877ae832072408e91361ecdf.BAD_CALL.REQUIRED.LIB_CALL.c</metaSourceFilename>
            </source>
        </sourceFileList>
    </source>
</sparrow>

