<?xml version="1.0" encoding="utf-8"?>
<sparrow>
    <source compiler="gcc" workPath="/home/kskyj/sparrow4/util/testcode/c" sourcePath="/home/kskyj/sparrow4/util/testcode/c/BAD_CALL.FORBIDDEN.PARAM.c">
        <orgPrepFilename>42.BAD_CALL.FORBIDDEN.PARAM.c.i</orgPrepFilename>
        <newPrepFilename>a9032a12d87fb0344a9dd3a6df38ae3a75f4792e.BAD_CALL.FORBIDDEN.PARAM.c.i</newPrepFilename>
        <orgMetaSourceFilename>42.BAD_CALL.FORBIDDEN.PARAM.c</orgMetaSourceFilename>
        <newMetaSourceFilename>b869ce5b07ef13f282cd9870786da49efc58ba75.BAD_CALL.FORBIDDEN.PARAM.c</newMetaSourceFilename>
        <compileOption text="-c BAD_CALL.FORBIDDEN.PARAM.c" />
        <sourceFileList>
            <source systemHeader="false" userHeader="false">
                <sourcePath>/home/kskyj/sparrow4/util/testcode/c/BAD_CALL.FORBIDDEN.PARAM.c</sourcePath>
                <metaSourceFilename>b869ce5b07ef13f282cd9870786da49efc58ba75.BAD_CALL.FORBIDDEN.PARAM.c</metaSourceFilename>
            </source>
        </sourceFileList>
    </source>
</sparrow>

