<?xml version="1.0" encoding="utf-8"?>
<sparrow>
    <source compiler="gcc" workPath="/home/kskyj/sparrow4/util/testcode/c" sourcePath="/home/kskyj/sparrow4/util/testcode/c/API16.c">
        <orgPrepFilename>2.API16.c.i</orgPrepFilename>
        <newPrepFilename>aa2bdec3c0550b8e4488a8c81828abf64c0aa308.API16.c.i</newPrepFilename>
        <orgMetaSourceFilename>2.API16.c</orgMetaSourceFilename>
        <newMetaSourceFilename>3c8edb961d037e32f7e2aa82f84bf2c2e3a57a0f.API16.c</newMetaSourceFilename>
        <compileOption text="-c API16.c" />
        <sourceFileList>
            <source systemHeader="false" userHeader="false">
                <sourcePath>/home/kskyj/sparrow4/util/testcode/c/API16.c</sourcePath>
                <metaSourceFilename>3c8edb961d037e32f7e2aa82f84bf2c2e3a57a0f.API16.c</metaSourceFilename>
            </source>
        </sourceFileList>
    </source>
</sparrow>

