<?xml version="1.0" encoding="utf-8"?>
<sparrow>
    <source compiler="gcc" workPath="/home/kskyj/sparrow4/util/testcode/c" sourcePath="/home/kskyj/sparrow4/util/testcode/c/MIS23.c">
        <orgPrepFilename>128.MIS23.c.i</orgPrepFilename>
        <newPrepFilename>ad860547d4e04c44bf24a1efa6afa960487efcae.MIS23.c.i</newPrepFilename>
        <orgMetaSourceFilename>128.MIS23.c</orgMetaSourceFilename>
        <newMetaSourceFilename>2697a34392907a87d0aa022b546325bfed66d5b7.MIS23.c</newMetaSourceFilename>
        <compileOption text="-c MIS23.c" />
        <sourceFileList>
            <source systemHeader="false" userHeader="false">
                <sourcePath>/home/kskyj/sparrow4/util/testcode/c/MIS23.c</sourcePath>
                <metaSourceFilename>2697a34392907a87d0aa022b546325bfed66d5b7.MIS23.c</metaSourceFilename>
            </source>
        </sourceFileList>
    </source>
</sparrow>

