<?xml version="1.0" encoding="utf-8"?>
<sparrow>
    <source compiler="gcc" workPath="/home/kskyj/sparrow4/util/testcode/c" sourcePath="/home/kskyj/sparrow4/util/testcode/c/RACE_CONDITION.c">
        <orgPrepFilename>140.RACE_CONDITION.c.i</orgPrepFilename>
        <newPrepFilename>b0e5946f49809087052e788ae2dc0063907543c3.RACE_CONDITION.c.i</newPrepFilename>
        <orgMetaSourceFilename>140.RACE_CONDITION.c</orgMetaSourceFilename>
        <newMetaSourceFilename>bea0244f86baa0fa2d962e0657c0c791550d3e55.RACE_CONDITION.c</newMetaSourceFilename>
        <compileOption text="-c RACE_CONDITION.c" />
        <sourceFileList>
            <source systemHeader="false" userHeader="false">
                <sourcePath>/home/kskyj/sparrow4/util/testcode/c/RACE_CONDITION.c</sourcePath>
                <metaSourceFilename>bea0244f86baa0fa2d962e0657c0c791550d3e55.RACE_CONDITION.c</metaSourceFilename>
            </source>
        </sourceFileList>
    </source>
</sparrow>

