<?xml version="1.0" encoding="utf-8"?>
<sparrow>
    <source compiler="gcc" workPath="/home/kskyj/sparrow4/util/testcode/c" sourcePath="/home/kskyj/sparrow4/util/testcode/c/BAD_CALL.NOT_ALLOWED.PARAM.STRING.c">
        <orgPrepFilename>50.BAD_CALL.NOT_ALLOWED.PARAM.STRING.c.i</orgPrepFilename>
        <newPrepFilename>b69d6b4abb584f4230bcca0372df4d7921971037.BAD_CALL.NOT_ALLOWED.PARAM.STRING.c.i</newPrepFilename>
        <orgMetaSourceFilename>50.BAD_CALL.NOT_ALLOWED.PARAM.STRING.c</orgMetaSourceFilename>
        <newMetaSourceFilename>391f28d9f2726dd51fbc9413db5b15d080dbcdfa.BAD_CALL.NOT_ALLOWED.PARAM.STRING.c</newMetaSourceFilename>
        <compileOption text="-c BAD_CALL.NOT_ALLOWED.PARAM.STRING.c" />
        <sourceFileList>
            <source systemHeader="false" userHeader="false">
                <sourcePath>/home/kskyj/sparrow4/util/testcode/c/BAD_CALL.NOT_ALLOWED.PARAM.STRING.c</sourcePath>
                <metaSourceFilename>391f28d9f2726dd51fbc9413db5b15d080dbcdfa.BAD_CALL.NOT_ALLOWED.PARAM.STRING.c</metaSourceFilename>
            </source>
        </sourceFileList>
    </source>
</sparrow>

