<?xml version="1.0" encoding="utf-8"?>
<sparrow>
    <source compiler="gcc" workPath="/home/kskyj/sparrow4/util/testcode/c" sourcePath="/home/kskyj/sparrow4/util/testcode/c/MIS10.c">
        <orgPrepFilename>117.MIS10.c.i</orgPrepFilename>
        <newPrepFilename>b74a165c1aa822f77de3f5dba95a19bddfebce2b.MIS10.c.i</newPrepFilename>
        <orgMetaSourceFilename>117.MIS10.c</orgMetaSourceFilename>
        <newMetaSourceFilename>90ebc4dff477c1c50daec1f717102e13929ac3b1.MIS10.c</newMetaSourceFilename>
        <compileOption text="-c MIS10.c" />
        <sourceFileList>
            <source systemHeader="false" userHeader="false">
                <sourcePath>/home/kskyj/sparrow4/util/testcode/c/MIS10.c</sourcePath>
                <metaSourceFilename>90ebc4dff477c1c50daec1f717102e13929ac3b1.MIS10.c</metaSourceFilename>
                <smap headerFilename="MIS10.h" metaHeaderFilename="70556c0c420e47f7ee75b64fad7fdbb7bfabab7c.MIS10.h" line="2" />
            </source>
            <source systemHeader="false" userHeader="true">
                <sourcePath>/home/kskyj/sparrow4/util/testcode/c/MIS10.h</sourcePath>
                <metaSourceFilename>70556c0c420e47f7ee75b64fad7fdbb7bfabab7c.MIS10.h</metaSourceFilename>
            </source>
        </sourceFileList>
    </source>
</sparrow>

