<?xml version="1.0" encoding="utf-8"?>
<sparrow>
    <source compiler="gcc" workPath="/home/kskyj/sparrow4/util/testcode/c" sourcePath="/home/kskyj/sparrow4/util/testcode/c/MIS05.c">
        <orgPrepFilename>112.MIS05.c.i</orgPrepFilename>
        <newPrepFilename>b7fa2254801634ad537ab7ccd5a573b1d4daaf5a.MIS05.c.i</newPrepFilename>
        <orgMetaSourceFilename>112.MIS05.c</orgMetaSourceFilename>
        <newMetaSourceFilename>4731cb17cb9913beed1f906bfb8dc194355a42d8.MIS05.c</newMetaSourceFilename>
        <compileOption text="-c MIS05.c" />
        <sourceFileList>
            <source systemHeader="false" userHeader="false">
                <sourcePath>/home/kskyj/sparrow4/util/testcode/c/MIS05.c</sourcePath>
                <metaSourceFilename>4731cb17cb9913beed1f906bfb8dc194355a42d8.MIS05.c</metaSourceFilename>
            </source>
        </sourceFileList>
    </source>
</sparrow>

