<?xml version="1.0" encoding="utf-8"?>
<sparrow>
    <source compiler="gcc" workPath="/home/kskyj/sparrow4/util/testcode/c" sourcePath="/home/kskyj/sparrow4/util/testcode/c/BAD_CALL.INCORRECT_SIZEOF.MEMCPY.c">
        <orgPrepFilename>45.BAD_CALL.INCORRECT_SIZEOF.MEMCPY.c.i</orgPrepFilename>
        <newPrepFilename>c27708c04db566dc8adb475dfecd00353605b37b.BAD_CALL.INCORRECT_SIZEOF.MEMCPY.c.i</newPrepFilename>
        <orgMetaSourceFilename>45.BAD_CALL.INCORRECT_SIZEOF.MEMCPY.c</orgMetaSourceFilename>
        <newMetaSourceFilename>24d654582a4e9503d99f26ad30388333ca206829.BAD_CALL.INCORRECT_SIZEOF.MEMCPY.c</newMetaSourceFilename>
        <compileOption text="-c BAD_CALL.INCORRECT_SIZEOF.MEMCPY.c" />
        <sourceFileList>
            <source systemHeader="false" userHeader="false">
                <sourcePath>/home/kskyj/sparrow4/util/testcode/c/BAD_CALL.INCORRECT_SIZEOF.MEMCPY.c</sourcePath>
                <metaSourceFilename>24d654582a4e9503d99f26ad30388333ca206829.BAD_CALL.INCORRECT_SIZEOF.MEMCPY.c</metaSourceFilename>
            </source>
        </sourceFileList>
    </source>
</sparrow>

