<?xml version="1.0" encoding="utf-8"?>
<sparrow>
    <source compiler="gcc" workPath="/home/kskyj/sparrow4/util/testcode/c" sourcePath="/home/kskyj/sparrow4/util/testcode/c/DO_NOT_USE_GETLOGIN_IN_MULTI_THREAD.c">
        <orgPrepFilename>87.DO_NOT_USE_GETLOGIN_IN_MULTI_THREAD.c.i</orgPrepFilename>
        <newPrepFilename>c5e13bf28c56fb7bbeb4a52a49b08fd343bd6a8c.DO_NOT_USE_GETLOGIN_IN_MULTI_THREAD.c.i</newPrepFilename>
        <orgMetaSourceFilename>87.DO_NOT_USE_GETLOGIN_IN_MULTI_THREAD.c</orgMetaSourceFilename>
        <newMetaSourceFilename>b9ece3dfdb8537d4df7c2d30d7aeaf9bd189082e.DO_NOT_USE_GETLOGIN_IN_MULTI_THREAD.c</newMetaSourceFilename>
        <compileOption text="-c DO_NOT_USE_GETLOGIN_IN_MULTI_THREAD.c" />
        <sourceFileList>
            <source systemHeader="false" userHeader="false">
                <sourcePath>/home/kskyj/sparrow4/util/testcode/c/DO_NOT_USE_GETLOGIN_IN_MULTI_THREAD.c</sourcePath>
                <metaSourceFilename>b9ece3dfdb8537d4df7c2d30d7aeaf9bd189082e.DO_NOT_USE_GETLOGIN_IN_MULTI_THREAD.c</metaSourceFilename>
            </source>
        </sourceFileList>
    </source>
</sparrow>

