<?xml version="1.0" encoding="utf-8"?>
<sparrow>
    <source compiler="gcc" workPath="/home/kskyj/sparrow4/util/testcode/c" sourcePath="/home/kskyj/sparrow4/util/testcode/c/BAD_QUALIFIER.REQUIRED.PARAM_PTR.c">
        <orgPrepFilename>79.BAD_QUALIFIER.REQUIRED.PARAM_PTR.c.i</orgPrepFilename>
        <newPrepFilename>c66c77d72b294ba6a3f3ad48f2e8611bc2dec7d1.BAD_QUALIFIER.REQUIRED.PARAM_PTR.c.i</newPrepFilename>
        <orgMetaSourceFilename>79.BAD_QUALIFIER.REQUIRED.PARAM_PTR.c</orgMetaSourceFilename>
        <newMetaSourceFilename>7a910e9da6fd97078929bceb7f0b28f17b75e173.BAD_QUALIFIER.REQUIRED.PARAM_PTR.c</newMetaSourceFilename>
        <compileOption text="-c BAD_QUALIFIER.REQUIRED.PARAM_PTR.c" />
        <sourceFileList>
            <source systemHeader="false" userHeader="false">
                <sourcePath>/home/kskyj/sparrow4/util/testcode/c/BAD_QUALIFIER.REQUIRED.PARAM_PTR.c</sourcePath>
                <metaSourceFilename>7a910e9da6fd97078929bceb7f0b28f17b75e173.BAD_QUALIFIER.REQUIRED.PARAM_PTR.c</metaSourceFilename>
            </source>
        </sourceFileList>
    </source>
</sparrow>

