<?xml version="1.0" encoding="utf-8"?>
<sparrow>
    <source compiler="gcc" workPath="/home/kskyj/sparrow4/util/testcode/c" sourcePath="/home/kskyj/sparrow4/util/testcode/c/BAD_INCLUDE.DUPLICATED.c">
        <orgPrepFilename>63.BAD_INCLUDE.DUPLICATED.c.i</orgPrepFilename>
        <newPrepFilename>c72e927a40f24a24f99f97f5e63be32a95eba1bb.BAD_INCLUDE.DUPLICATED.c.i</newPrepFilename>
        <orgMetaSourceFilename>63.BAD_INCLUDE.DUPLICATED.c</orgMetaSourceFilename>
        <newMetaSourceFilename>237885f0a1b3812fbaf18114a0615372dae846ab.BAD_INCLUDE.DUPLICATED.c</newMetaSourceFilename>
        <compileOption text="-c BAD_INCLUDE.DUPLICATED.c" />
        <sourceFileList>
            <source systemHeader="false" userHeader="false">
                <sourcePath>/home/kskyj/sparrow4/util/testcode/c/BAD_INCLUDE.DUPLICATED.c</sourcePath>
                <metaSourceFilename>237885f0a1b3812fbaf18114a0615372dae846ab.BAD_INCLUDE.DUPLICATED.c</metaSourceFilename>
                <smap headerFilename="MIS14_A.h" metaHeaderFilename="da39a3ee5e6b4b0d3255bfef95601890afd80709.MIS14_A.h" line="3" />
                <smap headerFilename="MIS14_A.h" metaHeaderFilename="da39a3ee5e6b4b0d3255bfef95601890afd80709.MIS14_A.h" line="4" />
            </source>
            <source systemHeader="false" userHeader="true">
                <sourcePath>/home/kskyj/sparrow4/util/testcode/c/MIS14_A.h</sourcePath>
                <metaSourceFilename>da39a3ee5e6b4b0d3255bfef95601890afd80709.MIS14_A.h</metaSourceFilename>
            </source>
        </sourceFileList>
    </source>
</sparrow>

