<?xml version="1.0" encoding="utf-8"?>
<sparrow>
    <source compiler="gcc" workPath="/home/kskyj/sparrow4/util/testcode/c" sourcePath="/home/kskyj/sparrow4/util/testcode/c/DO_NOT_USE_HARD_CODING.USERNAME.c">
        <orgPrepFilename>88.DO_NOT_USE_HARD_CODING.USERNAME.c.i</orgPrepFilename>
        <newPrepFilename>c82f9837cb595a7ecd74cf98813bc61894ad3118.DO_NOT_USE_HARD_CODING.USERNAME.c.i</newPrepFilename>
        <orgMetaSourceFilename>88.DO_NOT_USE_HARD_CODING.USERNAME.c</orgMetaSourceFilename>
        <newMetaSourceFilename>22910708cd482dec26de9817c7392b4a06d7fcf2.DO_NOT_USE_HARD_CODING.USERNAME.c</newMetaSourceFilename>
        <compileOption text="-c DO_NOT_USE_HARD_CODING.USERNAME.c" />
        <sourceFileList>
            <source systemHeader="false" userHeader="false">
                <sourcePath>/home/kskyj/sparrow4/util/testcode/c/DO_NOT_USE_HARD_CODING.USERNAME.c</sourcePath>
                <metaSourceFilename>22910708cd482dec26de9817c7392b4a06d7fcf2.DO_NOT_USE_HARD_CODING.USERNAME.c</metaSourceFilename>
            </source>
        </sourceFileList>
    </source>
</sparrow>

