<?xml version="1.0" encoding="utf-8"?>
<sparrow>
    <source compiler="gcc" workPath="/home/kskyj/sparrow4/util/testcode/c" sourcePath="/home/kskyj/sparrow4/util/testcode/c/BAD_MACRO.REPLACE_SECURE_FUNCTIONS.c">
        <orgPrepFilename>71.BAD_MACRO.REPLACE_SECURE_FUNCTIONS.c.i</orgPrepFilename>
        <newPrepFilename>ca272d1a93e59648f59bd4449cd2ec0a6e1a6151.BAD_MACRO.REPLACE_SECURE_FUNCTIONS.c.i</newPrepFilename>
        <orgMetaSourceFilename>71.BAD_MACRO.REPLACE_SECURE_FUNCTIONS.c</orgMetaSourceFilename>
        <newMetaSourceFilename>407b0267e5b3b69040e66b13b3a32b9d872a1928.BAD_MACRO.REPLACE_SECURE_FUNCTIONS.c</newMetaSourceFilename>
        <compileOption text="-c BAD_MACRO.REPLACE_SECURE_FUNCTIONS.c" />
        <sourceFileList>
            <source systemHeader="false" userHeader="false">
                <sourcePath>/home/kskyj/sparrow4/util/testcode/c/BAD_MACRO.REPLACE_SECURE_FUNCTIONS.c</sourcePath>
                <metaSourceFilename>407b0267e5b3b69040e66b13b3a32b9d872a1928.BAD_MACRO.REPLACE_SECURE_FUNCTIONS.c</metaSourceFilename>
            </source>
        </sourceFileList>
    </source>
</sparrow>

