<?xml version="1.0" encoding="utf-8"?>
<sparrow>
    <source compiler="gcc" workPath="/home/kskyj/sparrow4/util/testcode/c" sourcePath="/home/kskyj/sparrow4/util/testcode/c/BAD_CALL.LIBRARY.MEMORY.c">
        <orgPrepFilename>46.BAD_CALL.LIBRARY.MEMORY.c.i</orgPrepFilename>
        <newPrepFilename>cafa4fa6c7ffd65203f4dce06c14917bc0e96421.BAD_CALL.LIBRARY.MEMORY.c.i</newPrepFilename>
        <orgMetaSourceFilename>46.BAD_CALL.LIBRARY.MEMORY.c</orgMetaSourceFilename>
        <newMetaSourceFilename>85436e9dec02c3f196816adb13b782775290e7e6.BAD_CALL.LIBRARY.MEMORY.c</newMetaSourceFilename>
        <compileOption text="-c BAD_CALL.LIBRARY.MEMORY.c" />
        <sourceFileList>
            <source systemHeader="false" userHeader="false">
                <sourcePath>/home/kskyj/sparrow4/util/testcode/c/BAD_CALL.LIBRARY.MEMORY.c</sourcePath>
                <metaSourceFilename>85436e9dec02c3f196816adb13b782775290e7e6.BAD_CALL.LIBRARY.MEMORY.c</metaSourceFilename>
            </source>
        </sourceFileList>
    </source>
</sparrow>

