<?xml version="1.0" encoding="utf-8"?>
<sparrow>
    <source compiler="gcc" workPath="/home/kskyj/sparrow4/util/testcode/c" sourcePath="/home/kskyj/sparrow4/util/testcode/c/FBD14.c">
        <orgPrepFilename>97.FBD14.c.i</orgPrepFilename>
        <newPrepFilename>cc8e7f8adb25111a9462862503044cefdbca06a3.FBD14.c.i</newPrepFilename>
        <orgMetaSourceFilename>97.FBD14.c</orgMetaSourceFilename>
        <newMetaSourceFilename>f31e4f31f5874392c2678ed6c0bfb967c8f4cf70.FBD14.c</newMetaSourceFilename>
        <compileOption text="-c FBD14.c" />
        <sourceFileList>
            <source systemHeader="false" userHeader="false">
                <sourcePath>/home/kskyj/sparrow4/util/testcode/c/FBD14.c</sourcePath>
                <metaSourceFilename>f31e4f31f5874392c2678ed6c0bfb967c8f4cf70.FBD14.c</metaSourceFilename>
            </source>
        </sourceFileList>
    </source>
</sparrow>

