<?xml version="1.0" encoding="utf-8"?>
<sparrow>
    <source compiler="gcc" workPath="/home/kskyj/sparrow4/util/testcode/c" sourcePath="/home/kskyj/sparrow4/util/testcode/c/MIS08.c">
        <orgPrepFilename>115.MIS08.c.i</orgPrepFilename>
        <newPrepFilename>cc99044c497e21cebd90c53675243f8c24d8cdf6.MIS08.c.i</newPrepFilename>
        <orgMetaSourceFilename>115.MIS08.c</orgMetaSourceFilename>
        <newMetaSourceFilename>ab3bb428d8a41cd86e6c9f606ce3fa4234fd70fe.MIS08.c</newMetaSourceFilename>
        <compileOption text="-c MIS08.c" />
        <sourceFileList>
            <source systemHeader="false" userHeader="false">
                <sourcePath>/home/kskyj/sparrow4/util/testcode/c/MIS08.c</sourcePath>
                <metaSourceFilename>ab3bb428d8a41cd86e6c9f606ce3fa4234fd70fe.MIS08.c</metaSourceFilename>
            </source>
        </sourceFileList>
    </source>
</sparrow>

