<?xml version="1.0" encoding="utf-8"?>
<sparrow>
    <source compiler="gcc" workPath="/home/kskyj/sparrow4/util/testcode/c" sourcePath="/home/kskyj/sparrow4/util/testcode/c/BAD_CALL.FORBIDDEN.LIB.TEMP.c">
        <orgPrepFilename>35.BAD_CALL.FORBIDDEN.LIB.TEMP.c.i</orgPrepFilename>
        <newPrepFilename>cd2c75cbe6a883f3f0aa3639b3bbba9444684961.BAD_CALL.FORBIDDEN.LIB.TEMP.c.i</newPrepFilename>
        <orgMetaSourceFilename>35.BAD_CALL.FORBIDDEN.LIB.TEMP.c</orgMetaSourceFilename>
        <newMetaSourceFilename>9ee4003aab2b6934da417c93bcb85e3df561c6ad.BAD_CALL.FORBIDDEN.LIB.TEMP.c</newMetaSourceFilename>
        <compileOption text="-c BAD_CALL.FORBIDDEN.LIB.TEMP.c" />
        <sourceFileList>
            <source systemHeader="false" userHeader="false">
                <sourcePath>/home/kskyj/sparrow4/util/testcode/c/BAD_CALL.FORBIDDEN.LIB.TEMP.c</sourcePath>
                <metaSourceFilename>9ee4003aab2b6934da417c93bcb85e3df561c6ad.BAD_CALL.FORBIDDEN.LIB.TEMP.c</metaSourceFilename>
            </source>
        </sourceFileList>
    </source>
</sparrow>

