<?xml version="1.0" encoding="utf-8"?>
<sparrow>
    <source compiler="gcc" workPath="/home/kskyj/sparrow4/util/testcode/c" sourcePath="/home/kskyj/sparrow4/util/testcode/c/BAD_MALLOC.c">
        <orgPrepFilename>72.BAD_MALLOC.c.i</orgPrepFilename>
        <newPrepFilename>cd3fb60f1516d55387bf12f2b45443388310b4fd.BAD_MALLOC.c.i</newPrepFilename>
        <orgMetaSourceFilename>72.BAD_MALLOC.c</orgMetaSourceFilename>
        <newMetaSourceFilename>1506e8952c53ec7ebb9c621fd5c9bcd498303290.BAD_MALLOC.c</newMetaSourceFilename>
        <compileOption text="-c BAD_MALLOC.c" />
        <sourceFileList>
            <source systemHeader="false" userHeader="false">
                <sourcePath>/home/kskyj/sparrow4/util/testcode/c/BAD_MALLOC.c</sourcePath>
                <metaSourceFilename>1506e8952c53ec7ebb9c621fd5c9bcd498303290.BAD_MALLOC.c</metaSourceFilename>
            </source>
        </sourceFileList>
    </source>
</sparrow>

