<?xml version="1.0" encoding="utf-8"?>
<sparrow>
    <source compiler="gcc" workPath="/home/kskyj/sparrow4/util/testcode/c" sourcePath="/home/kskyj/sparrow4/util/testcode/c/BAD_CALL.MISSING_CALL_PARAM.EXTENDED.c">
        <orgPrepFilename>47.BAD_CALL.MISSING_CALL_PARAM.EXTENDED.c.i</orgPrepFilename>
        <newPrepFilename>cf26a7be838a50b303c7d53040f97e70d9444423.BAD_CALL.MISSING_CALL_PARAM.EXTENDED.c.i</newPrepFilename>
        <orgMetaSourceFilename>47.BAD_CALL.MISSING_CALL_PARAM.EXTENDED.c</orgMetaSourceFilename>
        <newMetaSourceFilename>cf67bd7e3c209cf60adb66c52a8fce47f348fa68.BAD_CALL.MISSING_CALL_PARAM.EXTENDED.c</newMetaSourceFilename>
        <compileOption text="-c BAD_CALL.MISSING_CALL_PARAM.EXTENDED.c" />
        <sourceFileList>
            <source systemHeader="false" userHeader="false">
                <sourcePath>/home/kskyj/sparrow4/util/testcode/c/BAD_CALL.MISSING_CALL_PARAM.EXTENDED.c</sourcePath>
                <metaSourceFilename>cf67bd7e3c209cf60adb66c52a8fce47f348fa68.BAD_CALL.MISSING_CALL_PARAM.EXTENDED.c</metaSourceFilename>
            </source>
        </sourceFileList>
    </source>
</sparrow>

