<?xml version="1.0" encoding="utf-8"?>
<sparrow>
    <source compiler="gcc" workPath="/home/kskyj/sparrow4/util/testcode/c" sourcePath="/home/kskyj/sparrow4/util/testcode/c/MIS01.c">
        <orgPrepFilename>109.MIS01.c.i</orgPrepFilename>
        <newPrepFilename>d0c00b805e5ad4a781b29ce451180379715969e5.MIS01.c.i</newPrepFilename>
        <orgMetaSourceFilename>109.MIS01.c</orgMetaSourceFilename>
        <newMetaSourceFilename>e200d6369b0985974fc2fa9a6197fc0913623aac.MIS01.c</newMetaSourceFilename>
        <compileOption text="-c MIS01.c" />
        <sourceFileList>
            <source systemHeader="false" userHeader="false">
                <sourcePath>/home/kskyj/sparrow4/util/testcode/c/MIS01.c</sourcePath>
                <metaSourceFilename>e200d6369b0985974fc2fa9a6197fc0913623aac.MIS01.c</metaSourceFilename>
            </source>
        </sourceFileList>
    </source>
</sparrow>

