<?xml version="1.0" encoding="utf-8"?>
<sparrow>
    <source compiler="gcc" workPath="/home/kskyj/sparrow4/util/testcode/c" sourcePath="/home/kskyj/sparrow4/util/testcode/c/INCONSISTENT_GLOBAL_VARIABLE_TYPE_SECOND.c">
        <orgPrepFilename>106.INCONSISTENT_GLOBAL_VARIABLE_TYPE_SECOND.c.i</orgPrepFilename>
        <newPrepFilename>d181c5a21fad2c5317f10905066001a06f506613.INCONSISTENT_GLOBAL_VARIABLE_TYPE_SECOND.c.i</newPrepFilename>
        <orgMetaSourceFilename>106.INCONSISTENT_GLOBAL_VARIABLE_TYPE_SECOND.c</orgMetaSourceFilename>
        <newMetaSourceFilename>d8f52698307bc0af275e9131c24b39e3109921fb.INCONSISTENT_GLOBAL_VARIABLE_TYPE_SECOND.c</newMetaSourceFilename>
        <compileOption text="-c INCONSISTENT_GLOBAL_VARIABLE_TYPE_SECOND.c" />
        <sourceFileList>
            <source systemHeader="false" userHeader="false">
                <sourcePath>/home/kskyj/sparrow4/util/testcode/c/INCONSISTENT_GLOBAL_VARIABLE_TYPE_SECOND.c</sourcePath>
                <metaSourceFilename>d8f52698307bc0af275e9131c24b39e3109921fb.INCONSISTENT_GLOBAL_VARIABLE_TYPE_SECOND.c</metaSourceFilename>
            </source>
        </sourceFileList>
    </source>
</sparrow>

