<?xml version="1.0" encoding="utf-8"?>
<sparrow>
    <source compiler="gcc" workPath="/home/kskyj/sparrow4/util/testcode/c" sourcePath="/home/kskyj/sparrow4/util/testcode/c/API05.c">
        <orgPrepFilename>1.API05.c.i</orgPrepFilename>
        <newPrepFilename>d3a9934b5098871410f1f22d64eff1abbc56aa5b.API05.c.i</newPrepFilename>
        <orgMetaSourceFilename>1.API05.c</orgMetaSourceFilename>
        <newMetaSourceFilename>dc174be5d7ac8a41cfdd55002a69a9cfc4efc943.API05.c</newMetaSourceFilename>
        <compileOption text="-c API05.c" />
        <sourceFileList>
            <source systemHeader="false" userHeader="false">
                <sourcePath>/home/kskyj/sparrow4/util/testcode/c/API05.c</sourcePath>
                <metaSourceFilename>dc174be5d7ac8a41cfdd55002a69a9cfc4efc943.API05.c</metaSourceFilename>
            </source>
        </sourceFileList>
    </source>
</sparrow>

