<?xml version="1.0" encoding="utf-8"?>
<sparrow>
    <source compiler="gcc" workPath="/home/kskyj/sparrow4/util/testcode/c" sourcePath="/home/kskyj/sparrow4/util/testcode/c/BAD_OPERATOR.ASSIGNMENT_IN_COND.c">
        <orgPrepFilename>74.BAD_OPERATOR.ASSIGNMENT_IN_COND.c.i</orgPrepFilename>
        <newPrepFilename>d93926954487c225ce98bc9ffb557d3c3ee85244.BAD_OPERATOR.ASSIGNMENT_IN_COND.c.i</newPrepFilename>
        <orgMetaSourceFilename>74.BAD_OPERATOR.ASSIGNMENT_IN_COND.c</orgMetaSourceFilename>
        <newMetaSourceFilename>fb5229e95c2163820d06599bf23da5cc55ddcad6.BAD_OPERATOR.ASSIGNMENT_IN_COND.c</newMetaSourceFilename>
        <compileOption text="-c BAD_OPERATOR.ASSIGNMENT_IN_COND.c" />
        <sourceFileList>
            <source systemHeader="false" userHeader="false">
                <sourcePath>/home/kskyj/sparrow4/util/testcode/c/BAD_OPERATOR.ASSIGNMENT_IN_COND.c</sourcePath>
                <metaSourceFilename>fb5229e95c2163820d06599bf23da5cc55ddcad6.BAD_OPERATOR.ASSIGNMENT_IN_COND.c</metaSourceFilename>
            </source>
        </sourceFileList>
    </source>
</sparrow>

