<?xml version="1.0" encoding="utf-8"?>
<sparrow>
    <source compiler="gcc" workPath="/home/kskyj/sparrow4/util/testcode/c" sourcePath="/home/kskyj/sparrow4/util/testcode/c/BAD_ERROR.INVALID_CODE.c">
        <orgPrepFilename>60.BAD_ERROR.INVALID_CODE.c.i</orgPrepFilename>
        <newPrepFilename>d9e968f9d9b4596b2cb63a48e2e025d6db92600b.BAD_ERROR.INVALID_CODE.c.i</newPrepFilename>
        <orgMetaSourceFilename>60.BAD_ERROR.INVALID_CODE.c</orgMetaSourceFilename>
        <newMetaSourceFilename>f20833c6af82f1d2aa6d0e4d20bc40201f1012bc.BAD_ERROR.INVALID_CODE.c</newMetaSourceFilename>
        <compileOption text="-c BAD_ERROR.INVALID_CODE.c" />
        <sourceFileList>
            <source systemHeader="false" userHeader="false">
                <sourcePath>/home/kskyj/sparrow4/util/testcode/c/BAD_ERROR.INVALID_CODE.c</sourcePath>
                <metaSourceFilename>f20833c6af82f1d2aa6d0e4d20bc40201f1012bc.BAD_ERROR.INVALID_CODE.c</metaSourceFilename>
            </source>
        </sourceFileList>
    </source>
</sparrow>

