<?xml version="1.0" encoding="utf-8"?>
<sparrow>
    <source compiler="gcc" workPath="/home/kskyj/sparrow4/util/testcode/c" sourcePath="/home/kskyj/sparrow4/util/testcode/c/API33.c">
        <orgPrepFilename>13.API33.c.i</orgPrepFilename>
        <newPrepFilename>dd6e93d9d323286c13b4f84cab9abb7efe015895.API33.c.i</newPrepFilename>
        <orgMetaSourceFilename>13.API33.c</orgMetaSourceFilename>
        <newMetaSourceFilename>31aeb75b5f0c61534082a49c55287c8a09620643.API33.c</newMetaSourceFilename>
        <compileOption text="-c API33.c" />
        <sourceFileList>
            <source systemHeader="false" userHeader="false">
                <sourcePath>/home/kskyj/sparrow4/util/testcode/c/API33.c</sourcePath>
                <metaSourceFilename>31aeb75b5f0c61534082a49c55287c8a09620643.API33.c</metaSourceFilename>
            </source>
        </sourceFileList>
    </source>
</sparrow>

