<?xml version="1.0" encoding="utf-8"?>
<sparrow>
    <source compiler="gcc" workPath="/home/kskyj/sparrow4/util/testcode/c" sourcePath="/home/kskyj/sparrow4/util/testcode/c/API25.c">
        <orgPrepFilename>6.API25.c.i</orgPrepFilename>
        <newPrepFilename>dfa4da9e13e352cc1e20feb92d53dfa8d8e56267.API25.c.i</newPrepFilename>
        <orgMetaSourceFilename>6.API25.c</orgMetaSourceFilename>
        <newMetaSourceFilename>a3910d304693d4b35eddfe09489fc3a0dc67ab21.API25.c</newMetaSourceFilename>
        <compileOption text="-c API25.c" />
        <sourceFileList>
            <source systemHeader="false" userHeader="false">
                <sourcePath>/home/kskyj/sparrow4/util/testcode/c/API25.c</sourcePath>
                <metaSourceFilename>a3910d304693d4b35eddfe09489fc3a0dc67ab21.API25.c</metaSourceFilename>
            </source>
        </sourceFileList>
    </source>
</sparrow>

