<?xml version="1.0" encoding="utf-8"?>
<sparrow>
    <source compiler="gcc" workPath="/home/kskyj/sparrow4/util/testcode/c" sourcePath="/home/kskyj/sparrow4/util/testcode/c/MIS24.c">
        <orgPrepFilename>129.MIS24.c.i</orgPrepFilename>
        <newPrepFilename>e37ed3018fcf962702f2fea8a65af546050d629e.MIS24.c.i</newPrepFilename>
        <orgMetaSourceFilename>129.MIS24.c</orgMetaSourceFilename>
        <newMetaSourceFilename>ff33c53a6d69281abcce45b84f01760c4f1d043f.MIS24.c</newMetaSourceFilename>
        <compileOption text="-c MIS24.c" />
        <sourceFileList>
            <source systemHeader="false" userHeader="false">
                <sourcePath>/home/kskyj/sparrow4/util/testcode/c/MIS24.c</sourcePath>
                <metaSourceFilename>ff33c53a6d69281abcce45b84f01760c4f1d043f.MIS24.c</metaSourceFilename>
            </source>
        </sourceFileList>
    </source>
</sparrow>

