<?xml version="1.0" encoding="utf-8"?>
<sparrow>
    <source compiler="gcc" workPath="/home/kskyj/sparrow4/util/testcode/c" sourcePath="/home/kskyj/sparrow4/util/testcode/c/BAD_NAME.VARIABLE.c">
        <orgPrepFilename>73.BAD_NAME.VARIABLE.c.i</orgPrepFilename>
        <newPrepFilename>e428da448d08ce388fa1f43af220ce119ea83e03.BAD_NAME.VARIABLE.c.i</newPrepFilename>
        <orgMetaSourceFilename>73.BAD_NAME.VARIABLE.c</orgMetaSourceFilename>
        <newMetaSourceFilename>6ed6ec15dec700f64bee7e2bd632f09a3219f7f4.BAD_NAME.VARIABLE.c</newMetaSourceFilename>
        <compileOption text="-c BAD_NAME.VARIABLE.c" />
        <sourceFileList>
            <source systemHeader="false" userHeader="false">
                <sourcePath>/home/kskyj/sparrow4/util/testcode/c/BAD_NAME.VARIABLE.c</sourcePath>
                <metaSourceFilename>6ed6ec15dec700f64bee7e2bd632f09a3219f7f4.BAD_NAME.VARIABLE.c</metaSourceFilename>
            </source>
        </sourceFileList>
    </source>
</sparrow>

