<?xml version="1.0" encoding="utf-8"?>
<sparrow>
    <source compiler="gcc" workPath="/home/kskyj/sparrow4/util/testcode/c" sourcePath="/home/kskyj/sparrow4/util/testcode/c/FORBIDDEN_CALL.LOOP.c">
        <orgPrepFilename>101.FORBIDDEN_CALL.LOOP.c.i</orgPrepFilename>
        <newPrepFilename>e95dd6f39d236b8f114700f1c5e5c90644af91b4.FORBIDDEN_CALL.LOOP.c.i</newPrepFilename>
        <orgMetaSourceFilename>101.FORBIDDEN_CALL.LOOP.c</orgMetaSourceFilename>
        <newMetaSourceFilename>b0faeeb2ad7d9270fea38f8a662d66a00bb7d657.FORBIDDEN_CALL.LOOP.c</newMetaSourceFilename>
        <compileOption text="-c FORBIDDEN_CALL.LOOP.c" />
        <sourceFileList>
            <source systemHeader="false" userHeader="false">
                <sourcePath>/home/kskyj/sparrow4/util/testcode/c/FORBIDDEN_CALL.LOOP.c</sourcePath>
                <metaSourceFilename>b0faeeb2ad7d9270fea38f8a662d66a00bb7d657.FORBIDDEN_CALL.LOOP.c</metaSourceFilename>
            </source>
        </sourceFileList>
    </source>
</sparrow>

