<?xml version="1.0" encoding="utf-8"?>
<sparrow>
    <source compiler="gcc" workPath="/home/kskyj/sparrow4/util/testcode/c" sourcePath="/home/kskyj/sparrow4/util/testcode/c/API34.c">
        <orgPrepFilename>14.API34.c.i</orgPrepFilename>
        <newPrepFilename>ea37ad3c388de7632c80b9135b56cde3a54b4510.API34.c.i</newPrepFilename>
        <orgMetaSourceFilename>14.API34.c</orgMetaSourceFilename>
        <newMetaSourceFilename>ad9245f6ec0b49f635677c4c70e96150d32cbe7a.API34.c</newMetaSourceFilename>
        <compileOption text="-c API34.c" />
        <sourceFileList>
            <source systemHeader="false" userHeader="false">
                <sourcePath>/home/kskyj/sparrow4/util/testcode/c/API34.c</sourcePath>
                <metaSourceFilename>ad9245f6ec0b49f635677c4c70e96150d32cbe7a.API34.c</metaSourceFilename>
            </source>
        </sourceFileList>
    </source>
</sparrow>

