<?xml version="1.0" encoding="utf-8"?>
<sparrow>
    <source compiler="gcc" workPath="/home/kskyj/sparrow4/util/testcode/c" sourcePath="/home/kskyj/sparrow4/util/testcode/c/API51.c">
        <orgPrepFilename>30.API51.c.i</orgPrepFilename>
        <newPrepFilename>ebd57031be3b51627e3e53a79c78c3ba8a817ba2.API51.c.i</newPrepFilename>
        <orgMetaSourceFilename>30.API51.c</orgMetaSourceFilename>
        <newMetaSourceFilename>56dc8b0e2fa7f387ec893d1f26de59561e79260f.API51.c</newMetaSourceFilename>
        <compileOption text="-c API51.c" />
        <sourceFileList>
            <source systemHeader="false" userHeader="false">
                <sourcePath>/home/kskyj/sparrow4/util/testcode/c/API51.c</sourcePath>
                <metaSourceFilename>56dc8b0e2fa7f387ec893d1f26de59561e79260f.API51.c</metaSourceFilename>
            </source>
        </sourceFileList>
    </source>
</sparrow>

