<?xml version="1.0" encoding="utf-8"?>
<sparrow>
    <source compiler="gcc" workPath="/home/kskyj/sparrow4/util/testcode/c" sourcePath="/home/kskyj/sparrow4/util/testcode/c/PRE09.c">
        <orgPrepFilename>138.PRE09.c.i</orgPrepFilename>
        <newPrepFilename>ec23a6cd03712145e8551c42e11384fa6e9a3dd9.PRE09.c.i</newPrepFilename>
        <orgMetaSourceFilename>138.PRE09.c</orgMetaSourceFilename>
        <newMetaSourceFilename>3abd35af3d677ef24515ee6755473998983b2920.PRE09.c</newMetaSourceFilename>
        <compileOption text="-c PRE09.c" />
        <sourceFileList>
            <source systemHeader="false" userHeader="false">
                <sourcePath>/home/kskyj/sparrow4/util/testcode/c/PRE09.c</sourcePath>
                <metaSourceFilename>3abd35af3d677ef24515ee6755473998983b2920.PRE09.c</metaSourceFilename>
            </source>
        </sourceFileList>
    </source>
</sparrow>

