<?xml version="1.0" encoding="utf-8"?>
<sparrow>
    <source compiler="gcc" workPath="/home/kskyj/sparrow4/util/testcode/c" sourcePath="/home/kskyj/sparrow4/util/testcode/c/MIS16.c">
        <orgPrepFilename>121.MIS16.c.i</orgPrepFilename>
        <newPrepFilename>ec377a459a3722866f87ecc5a0f9c39723ef82ab.MIS16.c.i</newPrepFilename>
        <orgMetaSourceFilename>121.MIS16.c</orgMetaSourceFilename>
        <newMetaSourceFilename>5624522673d1f412aa39269dfa62372070ae64f5.MIS16.c</newMetaSourceFilename>
        <compileOption text="-c MIS16.c" />
        <sourceFileList>
            <source systemHeader="false" userHeader="false">
                <sourcePath>/home/kskyj/sparrow4/util/testcode/c/MIS16.c</sourcePath>
                <metaSourceFilename>5624522673d1f412aa39269dfa62372070ae64f5.MIS16.c</metaSourceFilename>
                <smap headerFilename="MIS16_B.h" metaHeaderFilename="e77254c6618aeea08af9a86d02bf05b60cf5db75.MIS16_B.h" line="2" />
            </source>
            <source systemHeader="false" userHeader="true">
                <sourcePath>/home/kskyj/sparrow4/util/testcode/c/MIS16_B.h</sourcePath>
                <metaSourceFilename>e77254c6618aeea08af9a86d02bf05b60cf5db75.MIS16_B.h</metaSourceFilename>
            </source>
        </sourceFileList>
    </source>
</sparrow>

