<?xml version="1.0" encoding="utf-8"?>
<sparrow>
    <source compiler="gcc" workPath="/home/kskyj/sparrow4/util/testcode/c" sourcePath="/home/kskyj/sparrow4/util/testcode/c/BAD_ERROR.MISSING_INIT.c">
        <orgPrepFilename>61.BAD_ERROR.MISSING_INIT.c.i</orgPrepFilename>
        <newPrepFilename>ef4e87dee6bc55d5ac5e4a154766173ec1e97d9f.BAD_ERROR.MISSING_INIT.c.i</newPrepFilename>
        <orgMetaSourceFilename>61.BAD_ERROR.MISSING_INIT.c</orgMetaSourceFilename>
        <newMetaSourceFilename>e19b1b169cc60c04f76ae9391720b9cb666773ca.BAD_ERROR.MISSING_INIT.c</newMetaSourceFilename>
        <compileOption text="-c BAD_ERROR.MISSING_INIT.c" />
        <sourceFileList>
            <source systemHeader="false" userHeader="false">
                <sourcePath>/home/kskyj/sparrow4/util/testcode/c/BAD_ERROR.MISSING_INIT.c</sourcePath>
                <metaSourceFilename>e19b1b169cc60c04f76ae9391720b9cb666773ca.BAD_ERROR.MISSING_INIT.c</metaSourceFilename>
            </source>
        </sourceFileList>
    </source>
</sparrow>

