<?xml version="1.0" encoding="utf-8"?>
<sparrow>
    <source compiler="gcc" workPath="/home/kskyj/sparrow4/util/testcode/c" sourcePath="/home/kskyj/sparrow4/util/testcode/c/BAD_ERROR.MISSING_RETURN.c">
        <orgPrepFilename>62.BAD_ERROR.MISSING_RETURN.c.i</orgPrepFilename>
        <newPrepFilename>f001d3e16be3fff9c58b41c6800bf51fc609ce6a.BAD_ERROR.MISSING_RETURN.c.i</newPrepFilename>
        <orgMetaSourceFilename>62.BAD_ERROR.MISSING_RETURN.c</orgMetaSourceFilename>
        <newMetaSourceFilename>bad4e8acbf6eb33560d90e12fb4b4fc1fb97db97.BAD_ERROR.MISSING_RETURN.c</newMetaSourceFilename>
        <compileOption text="-c BAD_ERROR.MISSING_RETURN.c" />
        <sourceFileList>
            <source systemHeader="false" userHeader="false">
                <sourcePath>/home/kskyj/sparrow4/util/testcode/c/BAD_ERROR.MISSING_RETURN.c</sourcePath>
                <metaSourceFilename>bad4e8acbf6eb33560d90e12fb4b4fc1fb97db97.BAD_ERROR.MISSING_RETURN.c</metaSourceFilename>
            </source>
        </sourceFileList>
    </source>
</sparrow>

