<?xml version="1.0" encoding="utf-8"?>
<sparrow>
    <source compiler="gcc" workPath="/home/kskyj/sparrow4/util/testcode/c" sourcePath="/home/kskyj/sparrow4/util/testcode/c/USE_CORRECT_BYTE_ORDERING.c">
        <orgPrepFilename>153.USE_CORRECT_BYTE_ORDERING.c.i</orgPrepFilename>
        <newPrepFilename>f4f9de7729257292baa5d96f9c616a05cd2e5532.USE_CORRECT_BYTE_ORDERING.c.i</newPrepFilename>
        <orgMetaSourceFilename>153.USE_CORRECT_BYTE_ORDERING.c</orgMetaSourceFilename>
        <newMetaSourceFilename>628a20570071db005e34749215f0f5e7c5769417.USE_CORRECT_BYTE_ORDERING.c</newMetaSourceFilename>
        <compileOption text="-c USE_CORRECT_BYTE_ORDERING.c" />
        <sourceFileList>
            <source systemHeader="false" userHeader="false">
                <sourcePath>/home/kskyj/sparrow4/util/testcode/c/USE_CORRECT_BYTE_ORDERING.c</sourcePath>
                <metaSourceFilename>628a20570071db005e34749215f0f5e7c5769417.USE_CORRECT_BYTE_ORDERING.c</metaSourceFilename>
            </source>
            <source systemHeader="false" userHeader="true">
                <sourcePath>/usr/include/_G_config.h</sourcePath>
                <metaSourceFilename>3ef8102eb64714a10b5352999a914bd2393a2af9._G_config.h</metaSourceFilename>
                <smap headerFilename="bits/types.h" metaHeaderFilename="479dff664ef27ce12674108e2ff8f812bba03347.types.h" line="9" />
                <smap headerFilename="wchar.h" metaHeaderFilename="4fa5fcd84564709d6665299c6bd6f0b92b723b1e.wchar.h" line="20" />
            </source>
            <source systemHeader="false" userHeader="true">
                <sourcePath>/usr/include/alloca.h</sourcePath>
                <metaSourceFilename>989a6eb270b3c8b36dd75587399022a9da5c8825.alloca.h</metaSourceFilename>
                <smap headerFilename="features.h" metaHeaderFilename="22e5b6e4f4c1e8561021d24ecf1c69833d4b6e56.features.h" line="22" />
            </source>
            <source systemHeader="false" userHeader="true">
                <sourcePath>/usr/include/bits/byteswap.h</sourcePath>
                <metaSourceFilename>106b16bec527e4b1b59229cf0806daa4b9dbcdc5.byteswap.h</metaSourceFilename>
            </source>
            <source systemHeader="false" userHeader="true">
                <sourcePath>/usr/include/bits/endian.h</sourcePath>
                <metaSourceFilename>029651c317e44e4b002e456854118e76df0cdcb3.endian.h</metaSourceFilename>
            </source>
            <source systemHeader="false" userHeader="true">
                <sourcePath>/usr/include/bits/predefs.h</sourcePath>
                <metaSourceFilename>7ea671a521e38b2f5af51c681e2e2e3653f416ac.predefs.h</metaSourceFilename>
            </source>
            <source systemHeader="false" userHeader="true">
                <sourcePath>/usr/include/bits/pthreadtypes.h</sourcePath>
                <metaSourceFilename>7207c2de071a6ec64cc0ea29d0f0e73227d8146b.pthreadtypes.h</metaSourceFilename>
            </source>
            <source systemHeader="false" userHeader="true">
                <sourcePath>/usr/include/bits/select.h</sourcePath>
                <metaSourceFilename>0457bbdd595158e1f6b3aa459fcc293a4ed77ec3.select.h</metaSourceFilename>
            </source>
            <source systemHeader="false" userHeader="true">
                <sourcePath>/usr/include/bits/sigset.h</sourcePath>
                <metaSourceFilename>dea593c7882b669938c5f3bd567ef03f47baf66e.sigset.h</metaSourceFilename>
            </source>
            <source systemHeader="false" userHeader="true">
                <sourcePath>/usr/include/bits/stdio_lim.h</sourcePath>
                <metaSourceFilename>a065a73053f25b83bf0d0a56c89a640c1487ccb2.stdio_lim.h</metaSourceFilename>
            </source>
            <source systemHeader="false" userHeader="true">
                <sourcePath>/usr/include/bits/sys_errlist.h</sourcePath>
                <metaSourceFilename>22f8060311e8c04c50cefc0ec98e73e43d12de07.sys_errlist.h</metaSourceFilename>
            </source>
            <source systemHeader="false" userHeader="true">
                <sourcePath>/usr/include/bits/time.h</sourcePath>
                <metaSourceFilename>3335454aec5a5b01ee8f93ac67b28fc90b42c6f4.time.h</metaSourceFilename>
            </source>
            <source systemHeader="false" userHeader="true">
                <sourcePath>/usr/include/bits/types.h</sourcePath>
                <metaSourceFilename>479dff664ef27ce12674108e2ff8f812bba03347.types.h</metaSourceFilename>
            </source>
            <source systemHeader="false" userHeader="true">
                <sourcePath>/usr/include/bits/typesizes.h</sourcePath>
                <metaSourceFilename>48770296c267e7d2b2700b8c62197b279a052b9b.typesizes.h</metaSourceFilename>
            </source>
            <source systemHeader="false" userHeader="true">
                <sourcePath>/usr/include/bits/wordsize.h</sourcePath>
                <metaSourceFilename>fbbcf87cba8973c2d6f1116bef307b6f116ff995.wordsize.h</metaSourceFilename>
            </source>
            <source systemHeader="false" userHeader="true">
                <sourcePath>/usr/include/endian.h</sourcePath>
                <metaSourceFilename>a82fb21b8af2c1e2d0e2b08e4ec93c7acd6b905c.endian.h</metaSourceFilename>
                <smap headerFilename="features.h" metaHeaderFilename="22e5b6e4f4c1e8561021d24ecf1c69833d4b6e56.features.h" line="22" />
                <smap headerFilename="bits/endian.h" metaHeaderFilename="029651c317e44e4b002e456854118e76df0cdcb3.endian.h" line="37" />
                <smap headerFilename="bits/byteswap.h" metaHeaderFilename="106b16bec527e4b1b59229cf0806daa4b9dbcdc5.byteswap.h" line="61" />
            </source>
            <source systemHeader="false" userHeader="true">
                <sourcePath>/usr/include/features.h</sourcePath>
                <metaSourceFilename>22e5b6e4f4c1e8561021d24ecf1c69833d4b6e56.features.h</metaSourceFilename>
                <smap headerFilename="bits/predefs.h" metaHeaderFilename="7ea671a521e38b2f5af51c681e2e2e3653f416ac.predefs.h" line="313" />
                <smap headerFilename="sys/cdefs.h" metaHeaderFilename="45ce76d4bc0806113f292a8591ac3966b27681d8.cdefs.h" line="346" />
                <smap headerFilename="gnu/stubs.h" metaHeaderFilename="549e6828d2f4d522686bd8e90b87740c41eb1c42.stubs.h" line="378" />
            </source>
            <source systemHeader="false" userHeader="true">
                <sourcePath>/usr/include/gnu/stubs-32.h</sourcePath>
                <metaSourceFilename>f2493274bc2c537b27c68b8fad51173d1fbea61e.stubs-32.h</metaSourceFilename>
            </source>
            <source systemHeader="false" userHeader="true">
                <sourcePath>/usr/include/gnu/stubs.h</sourcePath>
                <metaSourceFilename>549e6828d2f4d522686bd8e90b87740c41eb1c42.stubs.h</metaSourceFilename>
            </source>
            <source systemHeader="false" userHeader="true">
                <sourcePath>/usr/include/libio.h</sourcePath>
                <metaSourceFilename>9f058aa2539f595176fe94a86a726592748680db.libio.h</metaSourceFilename>
                <smap headerFilename="_G_config.h" metaHeaderFilename="3ef8102eb64714a10b5352999a914bd2393a2af9._G_config.h" line="32" />
                <smap headerFilename="sys/cdefs.h" metaHeaderFilename="45ce76d4bc0806113f292a8591ac3966b27681d8.cdefs.h" line="62" />
            </source>
            <source systemHeader="false" userHeader="true">
                <sourcePath>/usr/include/malloc.h</sourcePath>
                <metaSourceFilename>60e56c460b307f8ce1b903c632eb03d414e464f3.malloc.h</metaSourceFilename>
                <smap headerFilename="features.h" metaHeaderFilename="22e5b6e4f4c1e8561021d24ecf1c69833d4b6e56.features.h" line="24" />
                <smap headerFilename="stdio.h" metaHeaderFilename="60b7800ddcc356e42a6e2193f16449c742879b09.stdio.h" line="26" />
            </source>
            <source systemHeader="false" userHeader="true">
                <sourcePath>/usr/include/stdio.h</sourcePath>
                <metaSourceFilename>60b7800ddcc356e42a6e2193f16449c742879b09.stdio.h</metaSourceFilename>
                <smap headerFilename="features.h" metaHeaderFilename="22e5b6e4f4c1e8561021d24ecf1c69833d4b6e56.features.h" line="28" />
                <smap headerFilename="bits/types.h" metaHeaderFilename="479dff664ef27ce12674108e2ff8f812bba03347.types.h" line="36" />
                <smap headerFilename="libio.h" metaHeaderFilename="9f058aa2539f595176fe94a86a726592748680db.libio.h" line="75" />
                <smap headerFilename="bits/stdio_lim.h" metaHeaderFilename="a065a73053f25b83bf0d0a56c89a640c1487ccb2.stdio_lim.h" line="141" />
                <smap headerFilename="bits/sys_errlist.h" metaHeaderFilename="22f8060311e8c04c50cefc0ec98e73e43d12de07.sys_errlist.h" line="826" />
            </source>
            <source systemHeader="false" userHeader="true">
                <sourcePath>/usr/include/stdlib.h</sourcePath>
                <metaSourceFilename>b0c4794982b0a3d766afac32b5223fac56828876.stdlib.h</metaSourceFilename>
                <smap headerFilename="features.h" metaHeaderFilename="22e5b6e4f4c1e8561021d24ecf1c69833d4b6e56.features.h" line="25" />
                <smap headerFilename="sys/types.h" metaHeaderFilename="a4a8f23d30114aaf8d7a1a84cc5686f163aa3f51.types.h" line="320" />
                <smap headerFilename="alloca.h" metaHeaderFilename="989a6eb270b3c8b36dd75587399022a9da5c8825.alloca.h" line="497" />
            </source>
            <source systemHeader="false" userHeader="true">
                <sourcePath>/usr/include/sys/cdefs.h</sourcePath>
                <metaSourceFilename>45ce76d4bc0806113f292a8591ac3966b27681d8.cdefs.h</metaSourceFilename>
            </source>
            <source systemHeader="false" userHeader="true">
                <sourcePath>/usr/include/sys/select.h</sourcePath>
                <metaSourceFilename>01976f600447999b37a976393fc6f3d3d431f0aa.select.h</metaSourceFilename>
            </source>
            <source systemHeader="false" userHeader="true">
                <sourcePath>/usr/include/sys/sysmacros.h</sourcePath>
                <metaSourceFilename>90561d66a669195d59a8faec0bcf6e663776b546.sysmacros.h</metaSourceFilename>
            </source>
            <source systemHeader="false" userHeader="true">
                <sourcePath>/usr/include/sys/types.h</sourcePath>
                <metaSourceFilename>a4a8f23d30114aaf8d7a1a84cc5686f163aa3f51.types.h</metaSourceFilename>
            </source>
            <source systemHeader="false" userHeader="true">
                <sourcePath>/usr/include/time.h</sourcePath>
                <metaSourceFilename>f609e064cda41ac1aed8120384bed8c293385b2a.time.h</metaSourceFilename>
                <smap headerFilename="features.h" metaHeaderFilename="22e5b6e4f4c1e8561021d24ecf1c69833d4b6e56.features.h" line="28" />
                <smap headerFilename="bits/time.h" metaHeaderFilename="3335454aec5a5b01ee8f93ac67b28fc90b42c6f4.time.h" line="42" />
                <smap headerFilename="bits/types.h" metaHeaderFilename="479dff664ef27ce12674108e2ff8f812bba03347.types.h" line="56" />
                <smap headerFilename="bits/types.h" metaHeaderFilename="479dff664ef27ce12674108e2ff8f812bba03347.types.h" line="72" />
                <smap headerFilename="bits/types.h" metaHeaderFilename="479dff664ef27ce12674108e2ff8f812bba03347.types.h" line="89" />
                <smap headerFilename="bits/types.h" metaHeaderFilename="479dff664ef27ce12674108e2ff8f812bba03347.types.h" line="101" />
                <smap headerFilename="bits/types.h" metaHeaderFilename="479dff664ef27ce12674108e2ff8f812bba03347.types.h" line="116" />
            </source>
            <source systemHeader="false" userHeader="true">
                <sourcePath>/usr/include/wchar.h</sourcePath>
                <metaSourceFilename>4fa5fcd84564709d6665299c6bd6f0b92b723b1e.wchar.h</metaSourceFilename>
                <smap headerFilename="features.h" metaHeaderFilename="22e5b6e4f4c1e8561021d24ecf1c69833d4b6e56.features.h" line="28" />
                <smap headerFilename="stdio.h" metaHeaderFilename="60b7800ddcc356e42a6e2193f16449c742879b09.stdio.h" line="37" />
            </source>
            <source systemHeader="false" userHeader="true">
                <sourcePath>/usr/local/lib/gcc/i686-pc-linux-gnu/4.5.3/include/stdarg.h</sourcePath>
                <metaSourceFilename>341e9bd4782d8e914a3741baa59221c7b332f1ff.stdarg.h</metaSourceFilename>
            </source>
            <source systemHeader="false" userHeader="true">
                <sourcePath>/usr/local/lib/gcc/i686-pc-linux-gnu/4.5.3/include/stddef.h</sourcePath>
                <metaSourceFilename>6b9fe4bb4a6ddad1f2c7a3485c7cebad0e5d9f29.stddef.h</metaSourceFilename>
            </source>
        </sourceFileList>
    </source>
</sparrow>

