<?xml version="1.0" encoding="utf-8"?>
<sparrow>
    <source compiler="gcc" workPath="/home/kskyj/sparrow4/util/testcode/c" sourcePath="/home/kskyj/sparrow4/util/testcode/c/BAD_ARGS.FORBIDDEN.AFTER_CALL.c">
        <orgPrepFilename>31.BAD_ARGS.FORBIDDEN.AFTER_CALL.c.i</orgPrepFilename>
        <newPrepFilename>f79bb79a93bcc04b63bd06d8a0f3c30f2610e34c.BAD_ARGS.FORBIDDEN.AFTER_CALL.c.i</newPrepFilename>
        <orgMetaSourceFilename>31.BAD_ARGS.FORBIDDEN.AFTER_CALL.c</orgMetaSourceFilename>
        <newMetaSourceFilename>e4feb3b43050579314fda92c3ddfc25e98517c20.BAD_ARGS.FORBIDDEN.AFTER_CALL.c</newMetaSourceFilename>
        <compileOption text="-c BAD_ARGS.FORBIDDEN.AFTER_CALL.c" />
        <sourceFileList>
            <source systemHeader="false" userHeader="false">
                <sourcePath>/home/kskyj/sparrow4/util/testcode/c/BAD_ARGS.FORBIDDEN.AFTER_CALL.c</sourcePath>
                <metaSourceFilename>e4feb3b43050579314fda92c3ddfc25e98517c20.BAD_ARGS.FORBIDDEN.AFTER_CALL.c</metaSourceFilename>
            </source>
        </sourceFileList>
    </source>
</sparrow>

