<?xml version="1.0" encoding="utf-8"?>
<sparrow>
    <source compiler="gcc" workPath="/home/kskyj/sparrow4/util/testcode/c" sourcePath="/home/kskyj/sparrow4/util/testcode/c/EMPTY_BRANCH.c">
        <orgPrepFilename>91.EMPTY_BRANCH.c.i</orgPrepFilename>
        <newPrepFilename>f89a20a19e756a83fc5ef2deeef3aeafd0fb5443.EMPTY_BRANCH.c.i</newPrepFilename>
        <orgMetaSourceFilename>91.EMPTY_BRANCH.c</orgMetaSourceFilename>
        <newMetaSourceFilename>9ded058f6c386bf9f26390f2f06522d1015b6de4.EMPTY_BRANCH.c</newMetaSourceFilename>
        <compileOption text="-c EMPTY_BRANCH.c" />
        <sourceFileList>
            <source systemHeader="false" userHeader="false">
                <sourcePath>/home/kskyj/sparrow4/util/testcode/c/EMPTY_BRANCH.c</sourcePath>
                <metaSourceFilename>9ded058f6c386bf9f26390f2f06522d1015b6de4.EMPTY_BRANCH.c</metaSourceFilename>
            </source>
        </sourceFileList>
    </source>
</sparrow>

