<?xml version="1.0" encoding="utf-8"?>
<sparrow>
    <source compiler="gcc" workPath="/home/kskyj/sparrow4/util/testcode/c" sourcePath="/home/kskyj/sparrow4/util/testcode/c/DO_NOT_USE_SIZEOF_ON_ARRAY_PARAM.c">
        <orgPrepFilename>89.DO_NOT_USE_SIZEOF_ON_ARRAY_PARAM.c.i</orgPrepFilename>
        <newPrepFilename>fda6ba0a97510f08dd295d79761d4639d72dc073.DO_NOT_USE_SIZEOF_ON_ARRAY_PARAM.c.i</newPrepFilename>
        <orgMetaSourceFilename>89.DO_NOT_USE_SIZEOF_ON_ARRAY_PARAM.c</orgMetaSourceFilename>
        <newMetaSourceFilename>d661ee4035d9cb2de4e4ccea39a80fe156c95aee.DO_NOT_USE_SIZEOF_ON_ARRAY_PARAM.c</newMetaSourceFilename>
        <compileOption text="-c DO_NOT_USE_SIZEOF_ON_ARRAY_PARAM.c" />
        <sourceFileList>
            <source systemHeader="false" userHeader="false">
                <sourcePath>/home/kskyj/sparrow4/util/testcode/c/DO_NOT_USE_SIZEOF_ON_ARRAY_PARAM.c</sourcePath>
                <metaSourceFilename>d661ee4035d9cb2de4e4ccea39a80fe156c95aee.DO_NOT_USE_SIZEOF_ON_ARRAY_PARAM.c</metaSourceFilename>
            </source>
        </sourceFileList>
    </source>
</sparrow>

